"","LEVEL_3_CO","X","LAT","LONG","accAfrica","max95FL_palms","log_medianFL_palms_BBM_MCC","curr_max95BodySize","mean_abs_BSchange","presNat_max95BodySize","mean_perc_BSchange","MAT","TempSeas","AnnualPrec","PrecSeas","CH_Mean","CH_PercCover","accRealm","log_max95FL_palms_BBM_MCC","log_max95FL_palms_BBMmean"
"1","AGE",1,-32.60227282,-61.25823213,0,3.31643080168844,2.16175696393064,24021.9531244847,423667.20374837,2760957.63727251,98.18,178.398582416149,4881.40373795638,43.7573662995304,928.862564805354,9.04206,0.069740994,"Americas",1.4189,1.0593
"2","ALA",2,32.79389912,-86.82906784,0,2.04242106606891,3.22461899601166,19483.0460285502,816912.630769231,7457044.50523858,98.95,175.382904436145,6892.91639525521,20.2364168194235,1416.78457064366,19.1693,0.462899074,"Americas",1.25165,1.11435
"3","AND",3,12.27981668,92.78133014,0,2.5,1.98461329191714,10969.6724349857,0,10969.6724349857,0,270.692228176251,631.848786816202,74.6535022761857,3005.15324753068,17.4901,0.019305754,"Asia",1.2664,1.202
"4","ANG",4,-12.33575541,17.57181621,1,8.06740317699427,1.4784885147357,77839.95628211,5096.20270833333,108593.853417217,7.49,214.410469671614,1616.00299408872,92.1032016935476,1060.72699420561,10.0415,0.123677447,"Africa",1.2782,1.0912
"5","ASS",5,25.48271994,92.85194347,0,6.04642388094687,1.68093842560827,95829.4756953663,106605.053410553,1565105.95897347,56.4,227.327178352141,3857.8038177803,84.6117826804942,2675.3077190511,28.9115,0.479153934,"Asia",1.2732,1.18975
"6","BAH",6,24.1666829,-76.5004385,0,1.33930078910471,1.85808209762178,540.314592648854,0,540.314592648854,0,256.61868810152,2127.44721158205,53.5567493768215,1065.47525652682,16.0766,0.224166324,"Americas",1.4723,1.11335
"7","BAN",7,23.8330072,90.27092576,0,5.34805187862534,1.78216338104456,94277.4796746688,80368.3487684729,1458534.30649873,47.08,253.650111228762,3727.88564478602,91.0644844270871,2407.00770735857,20.1772,0.116903381,"Asia",1.2798,1.1874
"8","BEN",8,9.647649967,2.343262705,1,12.9747724684509,1.14950740956776,70741.1103144473,11323.2187337662,74880.4317595605,11.38,270.41670697631,1847.52888476326,90.679546990936,1079.54822054883,3.68083,0.036711446,"Africa",1.291,1.1341
"9","BIS",9,-4.936891376,150.6265362,0,5.30270240807009,2.89563789084373,4019.96753350336,-0.892592592592678,4019.96753350336,-0.11,243.609322815616,329.340476820183,33.0495073451021,4267.12986172298,23.1695,0.541679884,"Asia",1.3151,0.9538
"10","BKN",10,12.27793715,-1.739835211,1,14.0287267173393,0.972363737554256,75854.2213014612,213830.505718954,1190671.72863331,60.27,283.32903146042,2484.15419893871,115.584520888626,773.936797670944,2.03509,0.01089305,"Africa",1.28,1.1362
"11","BLZ",11,17.21852829,-88.68278545,0,4.28467596924609,2.18706320278971,9727.74125747406,366257.399415205,1e+06,98.07,251.040023517206,1418.94056049763,52.5302328513938,2074.08955168166,20.5542,0.811592036,"Americas",1.375,1.152
"12","BOL",12,-16.71510989,-64.67054847,0,7.60799408303112,2.33890063594414,13900.2341273668,233772.046221562,1615155.803517,98.33,197.00581864323,1874.36939953664,75.2193887780903,1204.93912655683,17.5065,0.404208085,"Americas",1.33675,1.20275
"13","BOR",13,0.867901314,114.2000407,0,4.71849375432879,2.08583824735342,15925.8,281.960726072604,44074.2943853254,0.59,253.720005666328,301.359673044541,22.2509350352529,3102.45100372762,17.9902,0.918963442,"Asia",1.30645,1.0079
"14","BUR",14,-3.356297118,29.88682139,1,10.2598483986732,0.921751259836112,72373.2055050031,3887.6439576312,95087.1904888756,4.6,200.521962473827,1010.86470870296,61.7650375707429,1225.50856820036,15.2743,0.051225817,"Africa",1.1932,1.1182
"15","BZC",15,-15.29798685,-54.29443591,0,6.78748186266905,1.42787603701755,7863.04663173767,213581.726278024,1175537.86478312,98.39,246.211415777283,1247.87514949075,71.1477816573725,1660.23383308064,16.0749,0.209899662,"Americas",1.396,1.1482
"16","BZE",16,-8.635173197,-41.72952595,0,9,1.17481364842683,11310.5402994425,208627.931760123,1143251.84709815,98.19,258.283205385107,1147.39409797981,79.1875610696953,1019.5779549055,14.0524,0.089053627,"Americas",1.3616,1.2108
"17","BZL",17,-19.72534419,-45.48097446,0,8.56182225465505,0.947057498695184,15259.4671185544,213742.890538194,1277970.28287323,98.2,223.305148352007,1820.47777640259,72.7001495835786,1304.30602815487,20.0023,0.068642144,"Americas",1.3825,1.1725
"18","BZN",18,-4.63062382,-59.25073898,0,7.5,1.98461329191714,6770.89667047173,108530.701433546,150000,97.66,253.975265084362,613.972677792161,53.4209461760472,2251.14443088801,17.3043,0.816585191,"Americas",1.34325,1.23025
"19","BZS",19,-27.56813717,-52.26178711,0,5.5,2.79441293540744,23023.6501246001,358449.396485334,2535142.60156185,98.22,190.665739157734,3434.67351129792,18.8660160219018,1648.49378046188,23.4013,0.236725923,"Americas",1.3836,1.1206
"20","CAB",20,-5.041229577,12.46228731,1,7.97700711185106,1.73155090332642,71867.0516149728,-1560.24703977798,71741.0672172266,-1.5,245.219664484008,1438.64580419445,78.0129771166232,1177.60073260073,17.7889,0.788158274,"Africa",1.262,0.9788
"21","CAF",21,6.571453422,20.48278081,1,11.6596998943569,1.68093842560827,83889.7722346596,9067.24337025316,83889.7722346596,10.83,248.802501209612,1414.88447624558,77.3803831526867,1366.95275192841,18.2812,0.105557872,"Africa",1.2817,1.1134
"22","CBD",22,12.71402994,104.9212396,0,7.04846199441542,1.57971347017198,91659.7352002298,33364.8239007664,623904.738375505,26.94,268.595690464552,1020.16430959248,80.7674816141408,1872.27202007183,18.1,0.416536693,"Asia",1.2944,1.1581
"23","CHA",23,15.3611457,18.66460339,1,10.81500555133,0.213176571782096,191812.070895295,194309.164646465,1190671.72863331,53.59,267.577533293769,4154.49110308508,173.000524973391,313.178029766123,2.82206,0.015624481,"Africa",1.1828,1.1116
"24","CHC",24,28.51736916,104.6408898,0,5.25883094332759,1.60501970903106,24603.8451570016,247711.160327924,1395645.54601746,86.95,127.09690789638,6189.89963236594,78.5094860966299,1060.72638370717,28.9272,0.388385862,"Asia",1.2668,1.1159
"25","CHH",25,19.20103623,109.7420098,0,3,1.68093842560827,48093.4423706989,32.8060846560838,44862.1101614122,0.38,239.698806011743,3337.34151342399,72.9127790288089,1738.73914704618,24.293,0.295861167,"Asia",1.3424,1.1242
"26","CHS",26,28.08959356,114.4271369,0,3.1663041568704,1.68093842560827,12112.4416288295,333747.747619048,1784770.34341762,98.72,178.508702926194,7469.62552970945,61.8171205118176,1419.94933789776,24.4796,0.341456831,"Asia",1.31015,1.121
"27","CHT",27,31.712301,88.11841654,0,2.91906703057529,2.33890063594414,173517.20266258,169460.360402901,1727011.61309965,66.11,-30.1274360524684,7417.20862268449,113.884286342241,410.973244758223,33.7216,0.009985363,"Asia",1.2707,1.0331
"28","CLM",28,3.899947514,-73.07536081,0,7.5,2.44012559138043,9669.13724184967,65478.4814162234,105540.662099485,92.66,232.239870476894,471.329934089856,41.3464568454686,2856.97136703341,16.781,0.649436837,"Americas",1.3264,1.20615
"29","CMN",29,5.68580436,12.7432535,1,8.84915568068481,1.68093842560827,53199.6612715503,8384.11866308471,71114.4502934975,13.79,237.437959835421,1279.36973300731,74.8607770747388,1677.18242620264,20.1702,0.49465377,"Africa",1.308,1.123
"30","COM",30,-12.08514902,43.97955695,1,7.56962447247576,2.08583824735342,573.803827013436,0,573.803827013436,0,242.32128673799,1117.12336596123,64.4212179447069,2125.92483006797,20.6124,0.046203764,"Africa",1.25575,1.10575
"31","CON",31,-0.840066027,15.22427459,1,8.96204955486414,1.25073236500405,61790.5638811547,7904.90348837209,71867.0516149728,11.65,239.042940665642,671.174103099601,50.5334822258762,1600.31817730419,18.6136,0.714426131,"Africa",1.301,1.12435
"32","COS",32,9.97052135,-84.18903867,0,3.49698836536212,2.23767568050786,7086.55354990745,250956.485945399,109939.952585892,98.08,233.88231580553,505.85485382796,55.6118466012729,3073.27060203542,21.6611,0.443642093,"Americas",1.2988,1.2019
"33","CRL",33,7.212482218,146.7096536,0,8.88085964645451,3.30053771258888,319.256567692974,36.9928571428572,410.418722645179,16.97,271.822392285086,151.562787600039,19.2951498148843,4360.65943600868,NA,NA,"Pacific",1.2785,0.8382
"34","CUB",34,21.62013286,-79.0352374,0,2.5,2.54135054681672,6628.90803467998,13924.0333333333,87271.8697164438,88.53,251.387233137961,1713.18195316874,57.6989871585487,1322.52640446979,24.0513,0.174888407,"Americas",1.3818,1.2043
"35","DJI",35,11.7498128,42.5779403,1,5.0884213032821,2.79441293540744,52951.9356695902,729687.28125,4946418.75903601,98.33,280.546252942991,3423.05651889839,62.3749715763881,183.208470201783,NA,NA,"Africa",1.1284,1.1788
"36","DOM",36,18.89309386,-70.48543447,0,3.00758935343027,2.38951311366229,761.312147110936,12328.1883116883,50703.2509226259,96.88,239.736046538071,1259.02765658595,41.7986776712714,1368.31837434449,19.8836,0.342853271,"Americas",1.4428,1.212
"37","ECU",37,-1.452912352,-78.39320786,0,7,2.59196302453486,9762.09538028478,80325.6331042832,141307.886574468,94.37,202.379744344183,504.3085097822,49.7991191381324,2200.64101129223,19.4683,0.625712647,"Americas",1.31675,1.18475
"38","EHM",38,27.77772472,92.89621011,0,5.68063488599444,1.68093842560827,99822.1643755778,155534.657255639,1652542.44165727,67.52,122.429928868982,5082.93779918485,83.2062151759797,2452.89420536807,39.0494,0.657353103,"Asia",1.2758,1.1416
"39","ELS",39,13.73614532,-88.86560674,0,4.96343083271947,2.41481935252136,7520.95419898746,384589.249259259,1229358.70321977,98.21,251.122536410629,709.173120211812,94.4596031916205,1550.62517663208,23.4014,0.145759525,"Americas",1.3113,1.12705
"40","EQG",40,1.567924247,10.47599925,1,5.96419392262606,2.288288158226,55921.6483506246,0,55921.6483506246,0,230.464168796013,645.228647424704,57.6528684390153,2486.74670193761,20.609,0.949684076,"Africa",1.3155,1.011
"41","ETH",41,8.626139271,39.61601894,1,11.2002774747975,0.567463915809104,90439.2215406529,138799.669525424,373691.619229758,56.1,226.384196528598,1389.29004192295,90.3556423905394,862.069120016298,15.7477,0.043358599,"Africa",1.1124,1.1266
"42","FIJ",42,-17.46392922,160.792175,0,6.54443913303928,3.30053771258888,297.064599560242,0,297.064599560242,0,242.226429580827,1146.51809385732,47.9826525445361,2472.72123068089,NA,NA,"Pacific",1.2424,0.9266
"43","FLA",43,28.65142195,-82.48405094,0,2.02484567313166,2.23767568050786,29321.6017127407,998821.460769231,8138668.30203883,98.89,214.867061188943,4544.03109851937,44.0860547713205,1372.25299098719,20.1819,0.117579076,"Americas",1.463,1.1215
"44","FRG",44,3.924388201,-53.24126696,0,5.78892549780383,1.80746961990363,11264.2823565827,168848.017129463,714830.080711886,97.43,255.29744129911,772.158441912077,46.4555291247702,2672.84311120722,22.8616,0.954636045,"Americas",1.303,1.2385
"45","GAB",45,-0.590677968,11.79715762,1,7.68672940155047,1.57971347017198,51888.7631273592,8271.47471306923,70865.3386891365,10.86,237.483831177709,726.273413640247,62.915111990259,1840.32471650119,20.7917,0.904296881,"Africa",1.3115,1.05625
"46","GAM",46,13.4529444,-15.3856196,1,10.5428691051437,1.40256979815848,75854.2213014612,129406.520588235,172612.874952643,80.47,280.928066598117,1611.90013075357,136.581123119626,801.647349048477,4.01763,0.121901368,"Africa",1.28465,1.1353
"47","GGI",47,2.369331633,7.97621565,1,10.8505733773608,0.972363737554256,13263.779943905,0,13263.779943905,0,231.558580698745,997.399013332965,62.4093101248677,2360.31505284205,20.1848,0.511858599,"Africa",1.27595,1.05395
"48","GHA",48,7.959643822,-1.207046189,1,9.53301456943931,1.17481364842683,70246.370749979,8605.33797468354,73443.1368969794,11.58,269.188236628003,1496.61547472063,69.3386836203293,1241.7872724372,15.0986,0.232468628,"Africa",1.288,1.1332
"49","GNB",49,12.0161983,-14.98748401,1,13.7191515578198,0.415626482654672,81968.7366059476,3200.03286875726,82500,2.38,276.252854832792,1362.3575436286,127.455073141467,1566.74389850287,12.481,0.096737983,"Africa",1.2632,1.1152
"50","GUA",50,15.7023026,-90.3569493,0,3.5,1.88338833648085,7275,265356.867560664,192025.097099282,98.07,221.977211023323,1311.26410550376,66.0884741906413,2108.33394032354,21.3674,0.609468784,"Americas",1.287,1.1227
"51","GUI",51,10.43854094,-10.94182542,1,10.3923048454133,1.32665108158126,72970.1956827038,519.085000000006,72970.1956827038,0.69,257.741597330213,1868.45164397251,96.5330703091948,1748.28767730192,14.8833,0.063093167,"Africa",1.294,1.135
"52","GUY",52,4.792378272,-58.97416349,0,6.83646770156013,2.13645072507157,7954.88961769081,148789.805617368,407915.935162133,97.46,248.295926342666,558.626118178049,51.3794202106922,2181.33011137983,19.6961,0.895810055,"Americas",1.2901,1.2395
"53","HAI",53,18.93894782,-72.68381472,0,3.67571625187518,2.23767568050786,761.312147110936,12328.1883116883,50703.2509226259,96.88,246.526038830316,1286.44975664774,41.3088638342373,1359.87893368399,23.2712,0.064332411,"Americas",1.4311,1.2122
"54","HAW",54,20.27437592,-156.3821794,0,4.75,3.62951881775682,47.3,0,47.3,0,192.340470370153,1293.87406429816,29.01544027066,1671.37575111456,NA,NA,"Pacific",1.3888,1.0825
"55","HON",55,14.81591848,-86.62017081,0,4.31963486151409,1.93400081419899,7275,265352.326223925,192025.097099282,98.04,230.848913593501,1101.61464134825,61.8338906617466,1809.55435957418,25.696,0.603868726,"Americas",1.3755,1.1539
"56","IND",56,21.72683329,78.38336127,0,4.11350371403892,1.40256979815848,172376.706790868,75675.4657254902,708441.841208677,47.17,260.235104891146,4221.21646813485,121.495346697093,1043.45520155645,18.7864,0.040476591,"Asia",1.3009,1.18945
"57","IVO",57,7.631725302,-5.555499924,1,12.8308151998943,1.17481364842683,70000.3,8190.62289156626,72246.3338092311,11.37,258.954131223115,1318.17756474348,65.9795347904534,1279.42971053867,13.5669,0.372295536,"Africa",1.29,1.1338
"58","JAM",58,18.15133064,-77.31975081,0,2.65983672482157,1.63032594789013,513.875150081201,521.865714285714,3119.84236545334,68.98,252.523925030855,1008.4478648966,43.2624758138657,1725.23086079905,NA,NA,"Americas",1.467,1.18435
"59","JAW",59,-7.288626257,110.0767173,0,4.83556469320594,1.45318227587662,65939.3297710421,60717.0564943253,1276172.77576851,38,253.498946243917,408.91872367847,54.4772824133506,2596.89206500209,17.2098,0.461398351,"Asia",1.262,1.06
"60","KEN",60,0.529780176,37.85786442,1,10.8206300721613,0.567463915809104,71596.5394678466,21623.8422868093,87467.4936303788,26.39,245.23561479766,992.675247649849,80.2867973719744,631.524143367345,14.1131,0.028665851,"Africa",1.2174,1.1083
"61","LAO",61,18.50245057,103.7634056,0,7.32106285001026,1.63032594789013,32950.7229879636,64894.8121071159,609655.478060085,59.59,226.778056196832,2567.34975491431,87.071759066669,1866.81329160816,26.0867,0.85863257,"Asia",1.30625,1.1397
"62","LBR",62,6.448118463,-9.307846564,1,8.83670003111144,1.50379475359477,70741.1103144473,9064.28933333333,75365.7537734392,11.57,249.489122999319,845.851426968197,59.9833353879857,2558.73724955269,18.8533,0.972675344,"Africa",1.291,1.07365
"63","LEE",63,16.92097024,-62.28981026,0,5.13757537062896,1.09889493184962,45.1657882817615,10430.8166666667,9514.64293354081,99.72,261.330923132609,1052.15456344476,35.8308447193353,1426.42317255097,9.92969,0.020722033,"Americas",1.39645,1.08425
"64","LSI",64,-8.633678479,123.0810076,0,13.1950791077289,3.0980878017163,8345.01132633461,32589.3005942275,22594.6041514218,93.24,252.935075807882,702.898830832238,72.7312632035494,1683.48967093311,19.5388,0.298834389,"Asia",1.2664,1.1704
"65","MAU",65,-20.19561777,57.55522668,1,5.91815895190149,1.98461329191714,456.3,-176.266666666667,430.303207822507,-62.94,234.403915335627,1818.73624242252,50.8196589078151,1798.58838174274,NA,NA,"Africa",1.2394,1.0793
"66","MDG",66,-19.37352133,46.70599248,0,4.88591184330391,2.06053200849435,5297.97808526158,7926.06108474576,46199.351580301,83.62,225.047347497499,2012.11100387695,94.3765860173139,1485.68737534821,17.111,0.208859859,"Africa",1.34185,0.96055
"67","MLI",67,17.35036933,-3.524336718,1,14.5062366160245,0.491545199231888,191812.070895295,204802.049264069,1307191.54462908,55.25,288.745646049441,4744.27650295199,133.103222793088,310.327877317456,2.83576,0.007066582,"Africa",1.05145,1.12435
"68","MLW",68,-13.21510424,34.30698504,1,10.9233852181565,0.921751259836112,86600.3999999999,18364.9905014465,139355.514145875,17.22,215.465178529129,2257.28599775341,102.499907424227,1109.12143810126,17.6757,0.030076454,"Africa",1.2196,1.1182
"69","MLY",69,4.028255407,102.1784344,0,5,2.08583824735342,58459.8697152486,43896.8074853801,361543.737150388,43.66,258.664968339659,587.996085468191,36.4057527960273,2531.35050250442,25.4881,0.806114983,"Asia",1.3234,1.0428
"70","MOL",70,-1.420611904,127.990452,0,5.25648519319014,2.84502541312558,5980.95640275233,83.0833487511568,6048.84133614827,2.02,250.490376395676,411.171683193676,28.5134523331142,2384.66037735849,23.4708,0.517783719,"Asia",1.27385,1.05185
"71","MOZ",71,-17.26019707,35.55225318,1,10.6356597194411,0.567463915809104,85972.5890372094,18442.2067208904,131713.896786347,17.92,235.332848031401,2330.35013921843,94.8149447608494,1019.63658917721,14.2031,0.013883503,"Africa",1.30005,1.10335
"72","MXC",72,19.13109566,-98.58581279,0,1.71907001087358,1.8327758587627,5636.35231300245,353346.418212766,1067024.63399903,98.58,173.113508114143,1812.84606840347,87.8572895061686,964.901574130567,21.1099,0.202325543,"Americas",1.1917,1.0653
"73","MXE",73,25.85227543,-103.0607542,0,2.02034986881096,2.84502541312558,6974.84972106915,317389.645419809,1103765.77582367,98.23,187.507777354559,4580.86302519893,80.5937933804489,527.381987407077,22.3813,0.106356352,"Americas",1.2458,1.10775
"74","MXG",74,19.37738436,-96.405429,0,3.5,1.90869457533992,7309.63762104665,333061.10275,1039691.91691048,98.44,240.550287534029,2320.31629542697,72.8889956299249,1735.51133661733,25.8423,0.164330322,"Americas",1.2532,1.14565
"75","MXN",75,28.4912303,-111.3789827,0,2.17370651192842,2.99686284628002,5014.48527530503,357971.556135383,1262693.3101638,99.37,216.371091931566,5189.98149136266,92.1094883290518,361.357799778674,20.7135,0.129332802,"Americas",1.397,1.095
"76","MXS",76,18.84795312,-100.7023886,0,3.40342466501721,1.93400081419899,6011.17663461712,253216.439620704,442984.582439366,98.48,211.869483912706,1674.08964422978,103.81403145266,1131.95890191635,20.8141,0.341436212,"Americas",1.287,1.16905
"77","MXT",77,18.50798756,-90.55872649,0,3.5,1.78216338104456,7191.38451115513,245778.247370995,87957.8420967131,98.02,248.972770171131,1688.94247164828,65.7223510009081,1531.89728995426,16.8255,0.64407178,"Americas",1.375,1.156
"78","MYA",78,21.14042303,96.50882808,0,7.32106285001026,1.8327758587627,54451.1956375861,221752.508312448,1132915.62422038,83.76,232.974652159594,2893.9492736733,93.7208284026903,2177.43721943909,27.0695,0.541254032,"Asia",1.273,1.1397
"79","NAT",79,-28.7085677,30.72508497,1,6.94678648908834,0.238482810641168,95781.5604186219,18965.1437821612,233589.389857331,13.42,175.858946921053,3223.57857552005,60.8022221447798,864.020134827085,17.8326,0.131242318,"Africa",1.3356,1.1146
"80","NCB",80,7.507217236,93.60165739,0,2.6294154716638,2.06053200849435,446.800770713255,0,446.800770713255,0,272.357400375123,456.927844063799,46.635571696327,3003.77020340847,14.2754,0.025652842,"Asia",1.26315,1.0391
"81","NEP",81,28.25300785,83.93851707,0,3.87298334620742,2.33890063594414,255551.960480392,86135.7292410714,1480168.9853959,43.14,126.02343700505,5826.20951412789,103.030442475783,1657.8968080522,33.7709,0.341417927,"Asia",1.275,1.171
"82","NGA",82,9.593635674,8.105324864,1,10.8505733773607,1.50379475359477,71114.4502934975,79418.4724599542,144229.57232736,55.63,265.48513406189,2083.16746785447,102.400383636373,1161.50708344038,13.0367,0.108073568,"Africa",1.27945,1.12675
"83","NGR",83,17.42632282,9.397657535,1,14.1861241350476,0.76991382668168,77059.7277596018,273036.907568438,2758777.88255502,57.48,274.744693540598,5175.95532167127,173.873056001853,134.442175800472,2.12057,9.8532e-05,"Africa",1.2435,1.11925
"84","NIC",84,12.83970931,-85.03469962,0,5,2.33890063594414,7161.33917104621,256524.760238095,137415.753802808,98.07,253.561282360387,673.011725701824,66.7255194197,2220.5697899491,19.8538,0.448448886,"Americas",1.341,1.171
"85","NSW",85,-32.18030973,147.0187766,0,1.63295074796796,3.14870027943445,3235.80736169448,127553.898106061,164326.045895946,99.53,175.795278407168,5452.04576200936,21.226480809975,534.004281202058,22.8827,0.12284044,"Pacific",1.37295,0.92855
"86","NTA",86,-19.41428342,133.3652138,0,2.18672414788656,3.19931275715259,1762.39865186041,-28.4746031746031,1640,-8.72,253.693472209698,4530.53954791363,88.7792007243827,566.317170113189,17.4433,0.001827081,"Pacific",1.3284,1.0816
"87","NWC",87,-21.29461419,165.6718498,0,3.77428021159708,3.19931275715259,304.571117957602,0,304.571117957602,0,222.446179203112,2056.61032332774,46.5886290229637,1682.05562406974,22.3575,0.33668581,"Pacific",1.2805,0.8661
"88","NWG",88,-5.345954432,140.8323421,0,5.46825270922065,2.94625036856187,8666.7,1787.1459567705,9732.6337705448,52.4,233.052607736673,419.942123676812,26.8683085565275,3193.16233227453,22.0357,0.870742582,"Asia",1.2954,1.0322
"89","PAK",89,29.35662305,68.78919169,0,5.99824685967549,2.54135054681672,96677.9725926017,188624.779251701,832309.45857582,92.61,229.350620704193,7176.29514789662,96.4306676447625,285.382628986697,33.9932,0.005876648,"Asia",1.2572,1.15285
"90","PAN",90,8.50544318,-80.10906884,0,4.95953489891069,2.41481935252136,8983.51405872151,183612.494352047,174271.161241705,97.47,245.811732887662,418.425974605051,54.7313731394526,2626.43406870037,15.6068,0.617554343,"Americas",1.29665,1.20145
"91","PAR",91,-23.23612887,-58.39095178,0,5.17652774434069,1.73155090332642,23159.0747016241,404704.428454481,2571453.16265032,98.34,236.623347919395,3324.68701067381,44.3258440956846,1192.26286691466,6.93726,0.233903033,"Americas",1.4432,1.0694
"92","PER",92,-9.163771326,-74.37540668,0,8,2.33890063594414,9727.13180788254,146567.942321429,204467.359771733,97.28,185.715991727816,757.599140001391,58.8024752499109,1619.38585388049,18.7303,0.57637744,"Americas",1.3304,1.20975
"93","PHI",93,11.74740203,122.8736074,0,5,2.38951311366229,28850.1938301473,0,28850.1938301473,0,256.402123161991,785.55423539704,51.8218333422403,2397.03574914907,24.1241,0.168692872,"Asia",1.2843,1.0053
"94","PUE",94,18.22093074,-66.46612748,0,1.46421257000205,2.84502541312558,45.5766653849576,3408.79285714286,8782.58101133281,99.1,255.450478530011,1096.44959982315,36.2901511167535,1612.83034594013,17.6349,0.481325337,"Americas",1.34625,1.12765
"95","QLD",95,-22.57373668,144.5481795,0,3.38158231191632,3.0980878017163,5325.03035981058,91968.8708059211,150000,98.78,234.895256805734,4521.380570397,73.9636573051293,625.035250884799,16.8357,0.029530962,"Pacific",1.33925,0.9801
"96","RWA",96,-1.997967978,29.91720553,1,10.5567483198076,1.17481364842683,85302.9561888859,3561.1328793158,131152.885968783,4.57,190.515821360984,715.76285481009,50.0812993829335,1184.9953445698,16.9865,0.149519953,"Africa",1.1828,1.12315
"97","SAM",97,-13.79663559,-172.031904,0,8.42901184096999,3.30053771258888,282.186781486304,115.15,502.100861904108,39.19,248.794965051658,381.381046768915,42.4186659399069,3553.29315685722,NA,NA,"Pacific",1.4677,0.79925
"98","SAU",98,24.0233803,44.58510578,0,6.83999873765599,2.33890063594414,48389.5130954071,195705.490882353,238646.620781179,95.27,260.290969553523,7059.66470252904,108.319510922141,86.0963531717423,NA,NA,"Asia",1.0546,1.1809
"99","SCA",99,33.91755375,-80.90042082,0,2.04242106606891,3.22461899601166,17001.2131375937,774854.548571429,7199545.97028133,98.97,173.205576830722,6837.85112665404,21.2029480290382,1232.24811950231,20.2366,0.375116069,"Americas",1.25165,1.11435
"100","SCZ",100,-10.99211357,166.2240525,0,9.4232657906894,2.1111444862125,242.694846862469,31.5833333333333,266.783942312837,18.33,262.452370880656,384.296630197867,12.2798838980625,5007.14161849711,NA,NA,"Pacific",1.4903,0.93425
"101","SEN",101,14.36697954,-14.46817708,1,13.5669352788846,0.76991382668168,81440.894312427,19795.3438160677,183051.120207383,13.32,284.9850555849,2156.99324703465,138.025996212084,654.659119268073,4.93134,0.028197347,"Africa",1.268,1.1353
"102","SEY",102,-4.702082011,55.52213886,1,2.15867994188328,2.69318797997115,457,0,457,0,261.961548916129,684.235848765833,43.2705842331794,2457.99667774086,NA,NA,"Africa",1.1404,0.9704
"103","SIE",103,8.560340924,-11.7921029,1,8.86162888694854,1.57971347017198,71364.4375952385,1080.54490683231,71489.7605941803,1.43,254.384977902579,1320.78020337273,81.9630288684841,2688.35151628298,15.3288,0.552921447,"Africa",1.28035,1.1347
"104","SOL",104,-8.147972776,158.3400507,0,7.54502629924318,2.84502541312558,713.298969414375,39.7381428571429,893.333121718641,10.91,256.160468810087,378.391053585047,21.5273280049412,3377.60069650091,21.9363,0.213637807,"Asia",1.3145,0.9955
"105","SOM",105,6.063713497,45.86255927,1,7.65664696748915,0.567463915809104,86739.9462500459,185231.258681319,534236.919266008,57.25,266.043699709343,1536.02497657359,104.217218201891,289.925328203472,14.3646,4.32242e-05,"Africa",1.1362,1.1716
"106","SRL",106,7.612362427,80.70426262,0,8.63543920761704,0.921751259836112,329625.605986224,-2318.39160919542,298697.307646588,-1.62,266.779135036025,975.937489718838,63.1968610834732,1675.03927313851,14.7007,0.54279599,"Asia",1.2406,1.1028
"107","SUD",107,13.83173564,30.05016106,1,10.0907569830446,0.26378904950024,91197.7972783135,107028.136525408,373691.619229761,54.01,268.578210132555,3567.29650222322,149.223464220963,405.722378909461,3.60079,0.006277835,"Africa",1.27125,1.10825
"108","SUL",108,-2.104047614,121.2948397,0,5,1.78216338104456,34061.4413460288,2446.74752252252,62595.4910310566,29.07,238.176978493013,351.370822187696,35.1826200855067,2379.17841369714,25.8299,0.664947847,"Asia",1.268,1.059
"109","SUM",109,-0.47758812,101.6400768,0,6.07247263424868,1.4784885147357,55345.6286464324,39049.3047042735,98213.7216148499,46.56,249.649951474425,344.389770173868,29.394294062303,2722.05011221189,16.6652,0.802232367,"Asia",1.29325,1.0332
"110","SUR",110,4.12671321,-55.91158124,0,7.07408102758383,1.78216338104456,8400.79704829687,160719.681870968,595230.818522302,97.43,255.354709405784,685.662688980419,48.9087696562307,2227.48736640369,21.2492,0.914580324,"Americas",1.3198,1.239
"111","TAI",111,23.74831791,120.9593907,0,2.66982181006874,1.57971347017198,24572.644610446,0,24572.644610446,0,192.347666436121,4132.25323436788,65.5422205445987,2338.98049397801,27.7962,0.60599252,"Asia",1.27225,1.104
"112","TAN",112,-6.270199047,34.82340201,1,10.4538512927047,0.567463915809104,70498.5269356034,12747.3318445564,76840.6745800636,19.76,221.85599944799,1349.68220232587,85.6396579789859,1004.85228214944,19.3467,0.020392334,"Africa",1.2152,1.0984
"113","TCI",113,21.80869292,-71.88207917,0,1.36079856555073,1.4784885147357,35.8,0,35.8,0,264.803502142429,1502.54038286209,37.846987016499,699.5390625,11.6179,0.258167841,"Americas",1.419,1.1192
"114","THA",114,15.11989876,101.0149078,0,7,1.8327758587627,46500,32768.9818181818,192669.580894438,39.72,261.870312056109,1725.34067233026,79.9374899804478,1559.10535533763,22.7186,0.300952614,"Asia",1.30975,1.0675
"115","TOG",115,8.534910374,0.975845964,1,10.695614747796,1.32665108158126,70493.3065078794,10985.1318209316,73919.1433818093,11.42,265.532397488304,1563.47674118266,75.2919664676605,1194.76844877847,8.32626,0.006828445,"Africa",1.2462,1.1356
"116","TRT",116,10.46836429,-61.25263722,0,5,2.23767568050786,4050.97472125068,0,4050.97472125068,0,263.026985808839,555.503641196236,46.7337241728633,1935.06442388562,13.1546,0.739748435,"Americas",1.294,1.241
"117","TVL",117,-25.26571446,28.07825549,1,10.9456375416165,0.744607587822608,128365.208487347,18800.6409803922,206757.828289188,14.74,186.653649778246,4118.21232754113,78.2098432115537,594.179527591761,10.0002,0.069633357,"Africa",1.0722,1.11865
"118","UGA",118,1.280084629,32.38622999,1,10.6696764602335,1.2001198872859,71741.0672172266,18365.2251767574,115869.15976779,25.26,222.12042790636,793.405182174877,45.1686943900489,1216.282343225,9.69847,0.186152673,"Africa",1.284,1.11325
"119","URU",119,-32.79956992,-56.01217362,0,3.40838093159667,2.79441293540744,24427.2593436179,717223.546153846,4027010.19202543,99.02,175.139435028138,4483.23974518745,15.143729923218,1197.52819283959,NA,NA,"Americas",1.4416,0.9773
"120","VAN",120,-16.20215409,167.7055728,0,9.12247713288892,3.12339404057538,381.929586784862,0,381.929586784862,0,242.679874147576,1077.17828444064,34.0592380763572,2709.01735015773,39.5401,0.088628872,"Pacific",1.4435,0.98375
"121","VEN",121,7.118821943,-66.16904042,0,6.15982555280984,2.4654318302395,10606.5427920694,105844.093448511,204467.359771733,96.21,249.509431986242,686.522194703304,59.8562921086902,1935.40648225012,17.1371,0.475442043,"Americas",1.334,1.20605
"122","VIE",122,16.65160342,106.3040353,0,3.5,2.44012559138043,50889.3535842406,68565.2753818251,676451.394085476,51.9,236.88633087244,2756.00618204029,78.3989227683661,1923.58321330991,23.6497,0.557146005,"Asia",1.3062,1.0882
"123","VNA",123,NA,NA,0,3.4752023541983,0.719301348963536,98522.6431891089,683529.592592593,3854810.51738151,95.89,268.924920614786,703.873945055114,51.6706481350336,524.488902589396,NA,NA,"Americas",1.3365,1.12025
"124","WAU",124,-25.46606876,122.1782045,0,2.74620084168858,3.45237514574331,1777.16854006395,126147.213596491,157797.338380595,99.59,230.009074667085,5079.52143284063,64.4242081699754,357.24148950621,11.3343,0.005902793,"Pacific",1.3578,0.9944
"125","WHM",125,33.32159715,76.67319106,0,2.4074907185044,2.08583824735342,175820.881917544,120139.92565095,1711303.12324026,51.08,19.7208797051139,7458.29189295637,66.6648143411374,847.957978702637,36.1903,0.15525362,"Asia",1.2125,1.18
"126","WIN",126,14.09525608,-60.99587035,0,5.04975246918104,1.4784885147357,59.1418716099164,5.8875,58.9503582008703,15.25,257.676033288287,808.561639219756,40.4507033891667,2176.45778275476,10.7318,0.332205136,"Americas",1.32,1.177
"127","YEM",127,15.83691546,47.56879416,0,5.7326567532262,1.27603860386312,22773.5873893421,73378.8515151515,60477.5765883521,91.32,255.744150116863,4093.09328732671,95.4652516542767,119.418191767496,1.37013,0.000101866,"Asia",1.24525,1.174
"128","ZAI",128,-2.876225764,23.65445822,1,11.6477720303764,1.32665108158126,71114.4502934975,13388.6438460281,102897.525277232,24.54,229.284129245656,775.979618472594,52.0239648559464,1620.25235716949,16.6613,0.593442003,"Africa",1.29,1.0785
"129","ZAM",129,-13.45307543,27.79788004,1,10.6696764602335,1.6556321867492,83102.4525376083,16120.3427300151,101235.536455816,18.52,214.283017659887,2445.04233209106,109.933631735003,1015.57997509935,8.9469,0.046341718,"Africa",1.284,1.10575
"130","ZIM",130,-19.00000577,29.87175983,1,11.1831267863607,1.37726355929941,121495.106917141,19771.7042684813,197697.663199367,15.89,208.358455884197,3141.88073534867,103.467393881246,680.780190474609,8.0813,0.01414941,"Africa",1.2015,1.11865
