"","id","model","loglik","AIC","AICc","BIC","param.count","eigval1","eigval2","eigval3","X0_alpha","X1_alpha","sigma0","X1_sigma.sq","theta0","theta_se0","theta_1","theta_se_1","fit","delta","w","data","regime","tree"
"1","ouwie_Afr_avgl_1","OUMV",-1589.67943616848,3189.35887233697,3189.39171305946,3216.92741857616,5,1400,190,26,0.160856714111453,0.160856714111453,0.147439732057028,0.108672573563832,0.591194445168142,0.0264704116742176,1.18328498957242,0.0838356410838275,3189.39171305946,0,0.569449572078355,"empirical","Megafauna","set_trees"
"2","ouwie_Afr_avgl_10","OUMV",-1521.82106021455,3053.6421204291,3053.6749611516,3081.2106666683,5,1200,240,26,0.1076500530027,0.1076500530027,0.104961270851448,0.0753379358813815,0.644351227778351,0.0336859234063188,1.23605650924634,0.0866875635206477,3053.6749611516,0,0.622812194441745,"empirical","Megafauna","set_trees"
"3","ouwie_Afr_avgl_100","OUM",-1599.51598115521,3207.03196231041,3207.05384414849,3229.08679930177,4,1400,160,0,0.139878052887787,0.139878052887787,0.126559424938408,0.126559424938408,0.565391374484746,0.0258556616807027,1.16252034986707,0.0924413323366982,3207.05384414849,0,0.572204578273538,"empirical","Megafauna","set_trees"
"4","ouwie_Afr_avgl_101","OUM",-1788.85277279401,3585.70554558801,3585.72739157381,3607.76692387274,4,1800,3.3,0,2.9836127793208,2.9836127793208,2.48825130263374,2.48825130263374,0.507487080141437,0.0155799297719941,1.16319306772857,0.073667876750809,3585.72739157381,0,0.988148970242406,"empirical","Megafauna","MCC"
"5","ouwie_Afr_avgl_101","OUM",-1788.85277279401,3585.70554558801,3585.72739157381,3607.76692387274,4,1800,3.3,0,2.9836127793208,2.9836127793208,2.48825130263374,2.48825130263374,0.507487080141437,0.0155799297719941,1.16319306772857,0.073667876750809,3585.72739157381,0,0.988148970242406,"empirical","Megafauna","set_trees"
"6","ouwie_Afr_avgl_11","OUM",-1767.05535088612,3542.11070177224,3542.13258361032,3564.1655387636,4,5.9e+09,920,0,3.33191918221132,3.33191918221132,2.72188967948441,2.72188967948441,0.499008311885144,0.0153914234048037,1.17012211721208,0.0792272688620289,3542.13258361032,0,0.635990787936315,"empirical","Megafauna","set_trees"
"7","ouwie_Afr_avgl_12","OUM",-1489.82952053133,2987.65904106267,2987.68092290074,3009.71387805403,4,1400,180,0,0.135281705789099,0.135281705789099,0.116337251080184,0.116337251080184,0.578355609207917,0.0264226280306896,1.07481734897666,0.0978812010697627,2987.68092290074,0,0.601985281020559,"empirical","Megafauna","set_trees"
"8","ouwie_Afr_avgl_13","OUM",-1690.55616545061,3389.11233090122,3389.13421273929,3411.16716789257,4,1500,110,0,0.235346877323076,0.235346877323076,0.217394674018905,0.217394674018905,0.556966993137618,0.0216874230928586,1.18401956491308,0.0911765249790317,3389.13421273929,0,0.711875596697813,"empirical","Megafauna","set_trees"
"9","ouwie_Afr_avgl_14","OUM",-1457.48729670861,2922.97459341722,2922.9964752553,2945.02943040858,4,1300,170,0,0.130969578778836,0.130969578778836,0.11068474112067,0.11068474112067,0.620495321614002,0.028690681378092,1.22001766980721,0.0944494366185785,2922.9964752553,0,0.475992035752506,"empirical","Megafauna","set_trees"
"10","ouwie_Afr_avgl_15","OUM",-1726.45800087451,3460.91600174902,3460.9378835871,3482.97083874038,4,1600,85,0,0.232933681092827,0.232933681092827,0.217177125358558,0.217177125358558,0.543123386879792,0.0212343318894023,1.26851752267064,0.0900552796705568,3460.9378835871,0,0.718611821371599,"empirical","Megafauna","set_trees"
"11","ouwie_Afr_avgl_16","OUM",-1539.1484218631,3086.29684372619,3086.31872556427,3108.35168071755,4,1400,190,0,0.149467452693415,0.149467452693415,0.134456593300209,0.134456593300209,0.584683230603062,0.0260195820822979,1.21543487268689,0.0986159000414814,3086.31872556427,0,0.513013259164178,"empirical","Megafauna","set_trees"
"12","ouwie_Afr_avgl_17","OUM",-1793.82565573686,3595.65131147372,3595.67319331179,3617.70614846508,4,5.7e+09,920,0,3.37100622402734,3.37100622402734,2.84277516467012,2.84277516467012,0.510437113114709,0.0156513616549561,1.11233819209235,0.0779514216164711,3595.67319331179,0,0.654388110603833,"empirical","Megafauna","set_trees"
"13","ouwie_Afr_avgl_18","OUM",-1513.79992808963,3035.59985617927,3035.62173801734,3057.65469317063,4,1400,190,0,0.122423649077415,0.122423649077415,0.108256209740009,0.108256209740009,0.600719989320922,0.0285318511423631,1.18601300714689,0.0975776250208981,3035.62173801734,0,0.664941723983196,"empirical","Megafauna","set_trees"
"14","ouwie_Afr_avgl_19","OUM",-1556.03890745835,3120.07781491669,3120.09969675477,3142.13265190805,4,1400,190,0,0.139600437681543,0.139600437681543,0.127035414290907,0.127035414290907,0.634297768448088,0.0273284563241369,1.2275688113576,0.0960194320791033,3120.09969675477,0,0.674528153300694,"empirical","Megafauna","set_trees"
"15","ouwie_Afr_avgl_2","OUM",-1551.14995346697,3110.29990693394,3110.32178877201,3132.3547439253,4,1400,150,0,0.156706461460005,0.156706461460005,0.136662152848099,0.136662152848099,0.570811692736002,0.0246944265055721,1.19257219212441,0.0977308014086776,3110.32178877201,0,0.726630012440382,"empirical","Megafauna","set_trees"
"16","ouwie_Afr_avgl_20","OUMV",-2028.16223636841,4066.32447273683,4066.35731345932,4093.89301897602,5,5.6e+09,880,39,3.42691969985256,3.42691969985256,3.71995014636716,3.55583155457558,0.502748941147909,0.0177676411711098,1.15780050913431,0.0820823593467912,4066.35731345932,0,0.999999999997566,"empirical","Megafauna","set_trees"
"17","ouwie_Afr_avgl_21","OUM",-1636.44350144226,3280.88700288452,3280.90888472259,3302.94183987588,4,1500,140,0,0.180931418502039,0.180931418502039,0.165807815988301,0.165807815988301,0.579505859837067,0.02400425304482,1.27160825647683,0.095134094818905,3280.90888472259,0,0.70537093365584,"empirical","Megafauna","set_trees"
"18","ouwie_Afr_avgl_22","OUMVA",-1573.83428983011,3159.66857966022,3159.7145818508,3192.75083514726,6,1400,190,25,0.154999798859019,0.158787959724835,0.140181715012012,0.0880700991533891,0.571292989169306,0.0243265354500814,1.2856355912999,0.0856482836273612,3159.7145818508,0,0.525248038390722,"empirical","Megafauna","set_trees"
"19","ouwie_Afr_avgl_23","OUM",-1575.56437132685,3159.1287426537,3159.15062449177,3181.18357964506,4,1400,160,0,0.173839270437799,0.173839270437799,0.156953006992783,0.156953006992783,0.582716977202866,0.0253436405755609,1.2240559057388,0.09386898326569,3159.15062449177,0,0.589637966359276,"empirical","Megafauna","set_trees"
"20","ouwie_Afr_avgl_24","OUM",-1786.04414849756,3580.08829699511,3580.11017883319,3602.14313398647,4,6e+09,920,0,3.29308633587021,3.29308633587021,2.73468306715254,2.73468306715254,0.498963775896843,0.0155011958654683,1.15116325783423,0.0779718763962416,3580.11017883319,0,0.996627941548321,"empirical","Megafauna","set_trees"
"21","ouwie_Afr_avgl_25","OUM",-1794.08494983772,3596.16989967545,3596.19178151352,3618.22473666681,4,5.7e+09,920,0,3.3848949736035,3.3848949736035,2.84310065445985,2.84310065445985,0.511387837225996,0.0156118214701366,1.13279735913077,0.0774950747674226,3596.19178151352,0,0.999999999999825,"empirical","Megafauna","set_trees"
"22","ouwie_Afr_avgl_26","OUMV",-1739.71517856072,3489.43035712143,3489.46319784393,3516.99890336063,5,1500,120,34,0.236026916386559,0.236026916386559,0.220358572723523,0.33448404465584,0.540034859505559,0.0214320057171412,1.23953489255561,0.112240469794321,3489.46319784393,0,0.922845461206568,"empirical","Megafauna","set_trees"
"23","ouwie_Afr_avgl_27","OUM",-1758.45861503546,3524.91723007093,3524.939111909,3546.97206706229,4,1500,60,0,0.253918786732477,0.253918786732477,0.247659266763612,0.247659266763612,0.571615651014711,0.0218923740234127,1.22162179299527,0.0910713449873064,3524.939111909,0,0.706275764335512,"empirical","Megafauna","set_trees"
"24","ouwie_Afr_avgl_28","OUM",-1471.34343829627,2950.68687659253,2950.70875843061,2972.74171358389,4,1300,220,0,0.103914700167775,0.103914700167775,0.0935551916849646,0.0935551916849646,0.673104243076288,0.0315134689672532,1.32642403001705,0.10435088931029,2950.70875843061,0,0.724008134270352,"empirical","Megafauna","set_trees"
"25","ouwie_Afr_avgl_29","OUMV",-1751.88702703296,3513.77405406593,3513.80689478842,3541.34260030512,5,1500,73,30,0.22643980270196,0.22643980270196,0.206518870728721,0.84539610262522,0.531865562639896,0.0210093420659529,1.22466517296964,0.185415115204906,3513.80689478842,0,0.99999999998642,"empirical","Megafauna","set_trees"
"26","ouwie_Afr_avgl_3","OUMV",-1768.34907512579,3546.69815025157,3546.73099097407,3574.26669649077,5,5.6e+09,880,35,3.43826951572424,3.43826951572424,2.78163001027746,3.66128342898004,0.494427389637696,0.0153029812542552,1.18704746580537,0.0885828247108847,3546.73099097407,0,0.589107442665577,"empirical","Megafauna","set_trees"
"27","ouwie_Afr_avgl_30","OUMVA",-412.807709072132,837.615418144263,837.661420334843,870.697673631301,6,5.8e+09,880,37,1.14355622786005,0.00468583591682952,1.10136138023993,0.677646424904784,0.505698180682196,0.0172113313115373,4.2110006935625e-28,1.43320523701005e-29,837.661420334843,0,1,"empirical","Megafauna","set_trees"
"28","ouwie_Afr_avgl_31","OUM",-1671.02313426843,3350.04626853685,3350.06815037493,3372.10110552821,4,1500,130,0,0.194207386477048,0.194207386477048,0.178792580962011,0.178792580962011,0.552633493961177,0.0227359579777406,1.23551177807383,0.0902597216342874,3350.06815037493,0,0.727946440770516,"empirical","Megafauna","set_trees"
"29","ouwie_Afr_avgl_32","OUM",-1775.71360999171,3559.42721998342,3559.4491018215,3581.48205697478,4,5.6e+09,920,0,3.41114328888875,3.41114328888875,2.81787627222212,2.81787627222212,0.496900095312696,0.0155177096559825,1.18658509929612,0.0768809780020417,3559.4491018215,0,1,"empirical","Megafauna","set_trees"
"30","ouwie_Afr_avgl_33","OUM",-1601.08936410342,3210.17872820684,3210.20061004491,3232.2335651982,4,1500,150,0,0.182066587110052,0.182066587110052,0.160561250215443,0.160561250215443,0.565345189519942,0.0237893230466238,1.2625225190092,0.0939409947699664,3210.20061004491,0,0.713016686089639,"empirical","Megafauna","set_trees"
"31","ouwie_Afr_avgl_34","OUM",-1757.57756411686,3523.15512823373,3523.1770100718,3545.20996522508,4,6.2e+09,920,0,3.2165944793687,3.2165944793687,2.59412688702355,2.59412688702355,0.494180039487529,0.0153061672033338,1.12581774127455,0.0760129619392153,3523.1770100718,0,0.937438686536831,"empirical","Megafauna","set_trees"
"32","ouwie_Afr_avgl_35","OUM",-1656.79931317615,3321.5986263523,3321.62050819037,3343.65346334366,4,1500,180,0,0.180409799675532,0.180409799675532,0.172461850586145,0.172461850586145,0.591642422337458,0.0258176661826099,1.19657965588593,0.0955660318715759,3321.62050819037,0,0.472346994081033,"empirical","Megafauna","set_trees"
"33","ouwie_Afr_avgl_36","OUM",-1691.41167236358,3390.82334472716,3390.84522656523,3412.87818171851,4,1500,130,0,0.202436144051699,0.202436144051699,0.19105656556315,0.19105656556315,0.547788418713457,0.0232736203120832,1.17674594587074,0.0935271141995703,3390.84522656523,0,0.673275017909964,"empirical","Megafauna","set_trees"
"34","ouwie_Afr_avgl_37","OUM",-1778.42738791452,3564.85477582905,3564.87665766712,3586.90961282041,4,1800,2.8,0,2.20159678363798,2.20159678363798,1.82744641607284,1.82744641607284,0.497300463856196,0.0156623951781025,1.1585636922127,0.0782329111062607,3564.87665766712,0,0.54115818923654,"empirical","Megafauna","set_trees"
"35","ouwie_Afr_avgl_38","OUM",-1653.08983405754,3314.17966811507,3314.20154995315,3336.23450510643,4,1500,160,0,0.189037512135691,0.189037512135691,0.171243369188506,0.171243369188506,0.563570041301928,0.0234434568131861,1.23537148628008,0.089979515095272,3314.20154995315,0,0.693969479211532,"empirical","Megafauna","set_trees"
"36","ouwie_Afr_avgl_39","OUM",-1682.17606651417,3372.35213302833,3372.3740148664,3394.40697001969,4,1500,160,0,0.200466916976585,0.200466916976585,0.188676759843092,0.188676759843092,0.566013378325398,0.0235187838504521,1.20467855743234,0.092147884435139,3372.3740148664,0,0.7282133324827,"empirical","Megafauna","set_trees"
"37","ouwie_Afr_avgl_4","OUM",-1641.25042581529,3290.50085163059,3290.52273346866,3312.55568862195,4,1500,180,0,0.137885309714966,0.137885309714966,0.133298166595045,0.133298166595045,0.590294341686313,0.0267264084231418,1.20851136886074,0.102068647650134,3290.52273346866,0,0.576621474444728,"empirical","Megafauna","set_trees"
"38","ouwie_Afr_avgl_40","OUM",-1777.77141100494,3563.54282200988,3563.56470384795,3585.59765900124,4,6.2e+09,920,0,3.21321169198094,3.21321169198094,2.65498118187397,2.65498118187397,0.500664351354486,0.0155268811711836,1.11886047976946,0.079568635906509,3563.56470384795,0,0.967441140633012,"empirical","Megafauna","set_trees"
"39","ouwie_Afr_avgl_41","OUM",-1671.3096920343,3350.6193840686,3350.64126590667,3372.67422105996,4,1500,140,0,0.195907733474052,0.195907733474052,0.187159274697979,0.187159274697979,0.57591905868539,0.023739207166962,1.15153436640278,0.0985118882382473,3350.64126590667,0,0.69072328979439,"empirical","Megafauna","set_trees"
"40","ouwie_Afr_avgl_42","OUM",-1564.75613827349,3137.51227654697,3137.53415838505,3159.56711353833,4,1400,180,0,0.148826505672471,0.148826505672471,0.132478097418158,0.132478097418158,0.549125624260482,0.0260459960452176,1.22479810146444,0.0941146042713305,3137.53415838505,0,0.71377012824354,"empirical","Megafauna","set_trees"
"41","ouwie_Afr_avgl_43","OUM",-1829.80803915329,3667.61607830658,3667.63796014466,3689.67091529794,4,5.6e+09,920,0,3.43226048933357,3.43226048933357,2.99834020960165,2.99834020960165,0.498446839839797,0.0159488564724399,1.2050462488381,0.0801510080181569,3667.63796014466,0,0.620364672981012,"empirical","Megafauna","set_trees"
"42","ouwie_Afr_avgl_44","OUM",-1647.2319743684,3302.46394873679,3302.48583057487,3324.51878572815,4,1500,140,0,0.211774118609691,0.211774118609691,0.19317689695315,0.19317689695315,0.544096281236065,0.0226980204799215,1.28238493769551,0.0922624905557139,3302.48583057487,0,0.692546556502498,"empirical","Megafauna","set_trees"
"43","ouwie_Afr_avgl_45","OUM",-1773.4808335557,3554.96166711141,3554.98354894948,3577.01650410277,4,1800,7.9,0,1.06985657171462,1.06985657171462,0.902684164319132,0.902684164319132,0.50783994833544,0.0160942836613923,1.13469331707172,0.0788042893031601,3554.98354894948,0,0.755644528816439,"empirical","Megafauna","set_trees"
"44","ouwie_Afr_avgl_46","OU1",-1816.52376660471,3639.04753320942,3639.06065513397,3655.58866095294,3,5.5e+09,920,0,3.45906587657342,3.45906587657342,2.97638334045017,2.97638334045017,0.530066617886144,0.0155108563709674,0.530066617886144,0.0155108563709674,3639.06065513397,0,1,"empirical","Megafauna","set_trees"
"45","ouwie_Afr_avgl_47","OUM",-1626.92596856686,3261.85193713371,3261.87381897179,3283.90677412507,4,1500,160,0,0.165613954325302,0.165613954325302,0.155820527804454,0.155820527804454,0.587258305643146,0.0256656357873574,1.2415584308227,0.0923755395948857,3261.87381897179,0,0.498195018277937,"empirical","Megafauna","set_trees"
"46","ouwie_Afr_avgl_48","OUM",-1873.40342624701,3754.80685249402,3754.8287343321,3776.86168948538,4,5.7e+09,920,0,3.4020554936359,3.4020554936359,3.12008993264921,3.12008993264921,0.506453151344488,0.0163002344308618,1.10065847827275,0.0826399587930483,3754.8287343321,0,0.72767346221403,"empirical","Megafauna","set_trees"
"47","ouwie_Afr_avgl_49","OUM",-1781.26886535038,3570.53773070077,3570.55961253884,3592.59256769213,4,5.1e+09,920,0,3.65101027203743,3.65101027203743,3.04397801488722,3.04397801488722,0.49380559574019,0.0156196114074074,1.14465702366213,0.0776348766139425,3570.55961253884,0,0.999999999999989,"empirical","Megafauna","set_trees"
"48","ouwie_Afr_avgl_5","OUM",-1550.17482103286,3108.34964206572,3108.3715239038,3130.40447905708,4,1400,170,0,0.137846692401075,0.137846692401075,0.126380862611317,0.126380862611317,0.617048150271259,0.0280873208512211,1.19612100829959,0.0943916197456132,3108.3715239038,0,0.519543633544402,"empirical","Megafauna","set_trees"
"49","ouwie_Afr_avgl_50","OUM",-1667.86052100697,3343.72104201393,3343.74292385201,3365.77587900529,4,1500,130,0,0.214108898493544,0.214108898493544,0.200163930731858,0.200163930731858,0.567271527700059,0.0234256619149485,1.17650603902212,0.0923511126516001,3343.74292385201,0,0.646074564140553,"empirical","Megafauna","set_trees"
"50","ouwie_Afr_avgl_51","OUM",-1562.22514238576,3132.45028477152,3132.47216660959,3154.50512176288,4,1400,180,0,0.148357112891988,0.148357112891988,0.136058330927891,0.136058330927891,0.617114851398652,0.0268442376265878,1.14722764059029,0.100832001884149,3132.47216660959,0,0.380184514061998,"empirical","Megafauna","set_trees"
"51","ouwie_Afr_avgl_52","OUM",-1724.06909535053,3456.13819070106,3456.16007253914,3478.19302769242,4,1600,53,0,0.308725960730637,0.308725960730637,0.281780450319295,0.281780450319295,0.537757988502744,0.020003261578986,1.19583175177182,0.0851753732025263,3456.16007253914,0,0.734939020850245,"empirical","Megafauna","set_trees"
"52","ouwie_Afr_avgl_53","OUM",-1765.32050215906,3538.64100431812,3538.6628861562,3560.69584130948,4,5.8e+09,920,0,3.36200060937562,3.36200060937562,2.73638574255804,2.73638574255804,0.496589022568977,0.0153979331943874,1.15569806479401,0.0746159232576703,3538.6628861562,0,0.988486615033696,"empirical","Megafauna","set_trees"
"53","ouwie_Afr_avgl_54","OUM",-1713.80973031997,3435.61946063995,3435.64134247802,3457.67429763131,4,1500,93,0,0.22316067297611,0.22316067297611,0.21102933381981,0.21102933381981,0.558140830415167,0.0223961998018464,1.1940550334045,0.0963511307125032,3435.64134247802,0,0.636377469685894,"empirical","Megafauna","set_trees"
"54","ouwie_Afr_avgl_55","OUM",-1766.21640075521,3540.43280151042,3540.4546833485,3562.48763850178,4,1600,74,0,0.277157496311179,0.277157496311179,0.269914233603004,0.269914233603004,0.542945202566006,0.0212142787251935,1.2264093638359,0.091196345930669,3540.4546833485,0,0.703062535162754,"empirical","Megafauna","set_trees"
"55","ouwie_Afr_avgl_56","OUM",-1458.33787931453,2924.67575862905,2924.69764046713,2946.73059562041,4,1300,200,0,0.110616359063915,0.110616359063915,0.0997955070097343,0.0997955070097343,0.657434477298021,0.0317374029781867,1.17299051191031,0.102292649892793,2924.69764046713,0,0.514257551785785,"empirical","Megafauna","set_trees"
"56","ouwie_Afr_avgl_57","OUM",-1782.46671861084,3572.93343722169,3572.95531905976,3594.98827421305,4,5.8e+09,920,0,3.3469375574521,3.3469375574521,2.78199514782496,2.78199514782496,0.499684464324269,0.0155704109857217,1.09743004954116,0.0744860055786787,3572.95531905976,0,0.660567796194043,"empirical","Megafauna","set_trees"
"57","ouwie_Afr_avgl_58","OUM",-1692.03755988497,3392.07511976995,3392.09700160802,3414.12995676131,4,1500,120,0,0.18171507923267,0.18171507923267,0.169026822142904,0.169026822142904,0.568998614682941,0.0225926745335518,1.20869230651857,0.0929383634549723,3392.09700160802,0,0.61250596115696,"empirical","Megafauna","set_trees"
"58","ouwie_Afr_avgl_59","OUM",-1713.78625636424,3435.57251272848,3435.59439456656,3457.62734971984,4,1500,110,0,0.247903381569017,0.247903381569017,0.238732664567401,0.238732664567401,0.518884986381077,0.0227177401991912,1.2471352071802,0.0929129403278647,3435.59439456656,0,0.709672192596175,"empirical","Megafauna","set_trees"
"59","ouwie_Afr_avgl_6","OUM",-1879.34320741201,3766.68641482402,3766.70829666209,3788.74125181538,4,5.9e+09,920,0,3.30294995777716,3.30294995777716,3.04141104037495,3.04141104037495,0.500082478925292,0.0163349862717799,1.14948416212259,0.082524056119956,3766.70829666209,0,0.708490927488017,"empirical","Megafauna","set_trees"
"60","ouwie_Afr_avgl_60","OUM",-1572.55112308773,3153.10224617545,3153.12412801352,3175.15708316681,4,1400,180,0,0.123039504742066,0.123039504742066,0.111532321269127,0.111532321269127,0.609350452178862,0.027693205881196,1.22147331867439,0.0976311694307969,3153.12412801352,0,0.73208969587144,"empirical","Megafauna","set_trees"
"61","ouwie_Afr_avgl_61","OUM",-1642.07080287449,3292.14160574899,3292.16348758706,3314.19644274034,4,1500,110,0,0.188244273183222,0.188244273183222,0.169424480545532,0.169424480545532,0.57578908976733,0.0233939069249496,1.22394923904302,0.0886736067603707,3292.16348758706,0,0.691563398155805,"empirical","Megafauna","set_trees"
"62","ouwie_Afr_avgl_62","OUMV",-1557.87273789424,3125.74547578847,3125.77831651097,3153.31402202767,5,1400,200,32,0.120705199437411,0.120705199437411,0.107348533805538,0.180726382769646,0.586665685994065,0.0269636596146044,1.14397852400669,0.132726475115948,3125.77831651097,0,0.982906629120948,"empirical","Megafauna","set_trees"
"63","ouwie_Afr_avgl_63","OUM",-1521.6578760632,3051.3157521264,3051.33763396447,3073.37058911776,4,1400,180,0,0.124606821906559,0.124606821906559,0.112334712627,0.112334712627,0.596941200200189,0.0281197367459633,1.21090806431128,0.100826028891217,3051.33763396447,0,0.549753035446169,"empirical","Megafauna","set_trees"
"64","ouwie_Afr_avgl_64","OUM",-1609.87696088322,3227.75392176645,3227.77580360452,3249.80875875781,4,1500,190,0,0.155371223520319,0.155371223520319,0.14272944932929,0.14272944932929,0.605730328125378,0.0263846837411701,1.28006866959451,0.0967092286989141,3227.77580360452,0,0.700409144709262,"empirical","Megafauna","set_trees"
"65","ouwie_Afr_avgl_65","OUM",-1606.4692910612,3220.93858212239,3220.96046396047,3242.99341911375,4,1500,170,0,0.161256062526954,0.161256062526954,0.145508566217982,0.145508566217982,0.591308610958383,0.0254770419075572,1.20383007788193,0.0956460714974723,3220.96046396047,0,0.450654604733714,"empirical","Megafauna","set_trees"
"66","ouwie_Afr_avgl_66","OUM",-1632.62306193715,3273.2461238743,3273.26800571238,3295.30096086566,4,1500,170,0,0.16592735983577,0.16592735983577,0.156744830946653,0.156744830946653,0.580648071607075,0.0259412617795563,1.22645068839539,0.0968628110743993,3273.26800571238,0,0.508388478870498,"empirical","Megafauna","set_trees"
"67","ouwie_Afr_avgl_67","OUM",-1772.06006431103,3552.12012862206,3552.14201046013,3574.17496561342,4,1600,24,0,0.329626623669446,0.329626623669446,0.302773059395271,0.302773059395271,0.509823277193247,0.0189871816766864,1.24441655733867,0.082962381585553,3552.14201046013,0,0.727783048846556,"empirical","Megafauna","set_trees"
"68","ouwie_Afr_avgl_68","OUM",-1589.27467504734,3186.54935009467,3186.57123193275,3208.60418708603,4,1400,180,0,0.147324577818876,0.147324577818876,0.138266638788729,0.138266638788729,0.603183659348253,0.0276045211573793,1.18567738913858,0.0998502341225731,3186.57123193275,0,0.669610901470007,"empirical","Megafauna","set_trees"
"69","ouwie_Afr_avgl_69","OUMV",-1759.46786689145,3528.93573378291,3528.96857450541,3556.50428002211,5,5.7e+09,880,36,3.37737523611381,3.37737523611381,2.68107626068107,4.16393662457556,0.493355616966135,0.0152030997936067,1.13431173760304,0.0940465822244748,3528.96857450541,0,0.944407479370128,"empirical","Megafauna","set_trees"
"70","ouwie_Afr_avgl_7","OUMVA",-1532.67831524221,3077.35663048441,3077.40263267499,3110.43888597145,6,1300,210,26,0.130067816288749,0.135322083605745,0.119913608415388,0.0565684941929441,0.605477193522387,0.0279814996129,1.21855418866333,0.0849622379923544,3077.40263267499,0,0.591361903195629,"empirical","Megafauna","set_trees"
"71","ouwie_Afr_avgl_70","OUM",-1797.41804313242,3602.83608626484,3602.85796810292,3624.8909232562,4,5.9e+09,920,0,3.31442948009558,3.31442948009558,2.81164688356449,2.81164688356449,0.507872880269186,0.0157426740204567,1.12844968045893,0.0774459433298277,3602.85796810292,0,0.999999999999813,"empirical","Megafauna","set_trees"
"72","ouwie_Afr_avgl_71","OUM",-1641.96171262961,3291.92342525922,3291.94530709729,3313.97826225058,4,1500,160,0,0.171501550510032,0.171501550510032,0.160750671681616,0.160750671681616,0.593453966256192,0.0250784330062808,1.22710574134107,0.098007756528845,3291.94530709729,0,0.580656978391619,"empirical","Megafauna","set_trees"
"73","ouwie_Afr_avgl_72","OUM",-1728.26571147074,3464.53142294148,3464.55330477955,3486.58625993284,4,1600,35,0,0.334760257885102,0.334760257885102,0.301866221680487,0.301866221680487,0.525973112296121,0.0192732742218456,1.22173766395787,0.0884808610735561,3464.55330477955,0,0.747468694265749,"empirical","Megafauna","set_trees"
"74","ouwie_Afr_avgl_73","OUMV",-1595.8421192833,3201.68423856659,3201.71707928909,3229.25278480579,5,1500,150,32,0.165841751192592,0.165841751192592,0.141390447952607,0.391242622894932,0.560738322942295,0.0231068454898446,1.22689276554427,0.159958658229503,3201.71707928909,0,0.999999997146309,"empirical","Megafauna","set_trees"
"75","ouwie_Afr_avgl_74","OUMVA",-1536.451739941,3084.903479882,3084.94948207258,3117.98573536904,6,1300,230,27,0.116569544106021,0.109193273485415,0.112426728947825,0.199546159688663,0.664941147559942,0.0316263849122485,1.2043787901079,0.0984291283663091,3084.94948207258,0,0.534680096945952,"empirical","Megafauna","set_trees"
"76","ouwie_Afr_avgl_75","OUMV",-1786.53013028639,3583.06026057277,3583.09310129527,3610.62880681197,5,5.8e+09,880,36,3.35984862548598,3.35984862548598,2.77818976069468,3.51400606088076,0.499652095916036,0.015537309560954,1.17493351716545,0.0858590051532402,3583.09310129527,0,0.508297421756111,"empirical","Megafauna","set_trees"
"77","ouwie_Afr_avgl_76","OUMV",-1598.96044264887,3207.92088529774,3207.95372602024,3235.48943153694,5,1300,190,27,0.153806319191831,0.153806319191831,0.150322428934016,0.111962860617616,0.615741611071995,0.0274784645892399,1.22027789012781,0.0857763029995748,3207.95372602024,0,0.542003550674972,"empirical","Megafauna","set_trees"
"78","ouwie_Afr_avgl_77","OUM",-1620.34758414445,3248.6951682889,3248.71705012697,3270.75000528026,4,1500,180,0,0.160919913857582,0.160919913857582,0.153624899921067,0.153624899921067,0.584591282286132,0.0256792184670189,1.18549521889424,0.095242828791749,3248.71705012697,0,0.729507435667338,"empirical","Megafauna","set_trees"
"79","ouwie_Afr_avgl_78","OUM",-1644.51774584092,3297.03549168185,3297.05737351992,3319.09032867321,4,1400,160,0,0.155751992092488,0.155751992092488,0.149008650473406,0.149008650473406,0.605838539667885,0.0260989996288259,1.24737619926311,0.0988136458164874,3297.05737351992,0,0.490194459099534,"empirical","Megafauna","set_trees"
"80","ouwie_Afr_avgl_79","OUM",-1941.00459684903,3890.00919369805,3890.03107553613,3912.06403068941,4,5.7e+09,920,0,3.38500783568435,3.38500783568435,3.33417972529111,3.33417972529111,0.495999258371667,0.016883827846594,1.15077552993237,0.0846811043390882,3890.03107553613,0,0.73689933104091,"empirical","Megafauna","set_trees"
"81","ouwie_Afr_avgl_8","OUM",-1789.58027823622,3587.16055647244,3587.18243831051,3609.21539346379,4,6.2e+09,920,0,3.23561518312717,3.23561518312717,2.71927292863953,2.71927292863953,0.501113414582918,0.0156573796130048,1.16256568061087,0.0770347241496605,3587.18243831051,0,0.65094481075233,"empirical","Megafauna","set_trees"
"82","ouwie_Afr_avgl_80","OUMVA",-1430.95911289167,2873.91822578335,2873.96422797393,2907.00048127039,6,1200,230,22,0.0875341588113611,0.0775208605335583,0.0762659287547954,0.164918322898021,0.621991034384185,0.033127876586358,1.22068707502936,0.105445646344056,2873.96422797393,0,0.519202053472625,"empirical","Megafauna","set_trees"
"83","ouwie_Afr_avgl_81","OUM",-1523.39844652121,3054.79689304241,3054.81877488049,3076.85173003377,4,1400,180,0,0.11349304008156,0.11349304008156,0.101616506866305,0.101616506866305,0.633902772700464,0.0291745671408408,1.22949101436579,0.0959729703774482,3054.81877488049,0,0.618086722868908,"empirical","Megafauna","set_trees"
"84","ouwie_Afr_avgl_82","OUMV",-1764.71967454958,3539.43934909917,3539.47218982166,3567.00789533836,5,5.8e+09,880,34,3.33678291692125,3.33678291692125,2.69681047435191,3.5640201228999,0.497123767182923,0.0153230335811759,1.144947289195,0.0895556015082196,3539.47218982166,0,0.59759523234532,"empirical","Megafauna","set_trees"
"85","ouwie_Afr_avgl_83","OUM",-1590.17255969996,3188.34511939992,3188.36700123799,3210.39995639127,4,1400,180,0,0.133339338455539,0.133339338455539,0.132031396685008,0.132031396685008,0.658517528694223,0.0298890094153442,1.22285232411689,0.0996811739383588,3188.36700123799,0,0.528952763802162,"empirical","Megafauna","set_trees"
"86","ouwie_Afr_avgl_84","OUMV",-1840.12811325292,3690.25622650584,3690.28906722833,3717.82477274504,5,5.4e+09,880,38,3.49188020558029,3.49188020558029,3.06131327074024,3.63511105100311,0.492741438460322,0.0159628200686556,1.17631430844384,0.0843051594121625,3690.28906722833,0,0.999999999999999,"empirical","Megafauna","set_trees"
"87","ouwie_Afr_avgl_85","OUM",-1677.34383202823,3362.68766405646,3362.70954589454,3384.74250104782,4,1600,120,0,0.256487063373667,0.256487063373667,0.231945656182781,0.231945656182781,0.533570131797557,0.0213429198965282,1.26421467817105,0.091845676392659,3362.70954589454,0,0.69068880055812,"empirical","Megafauna","set_trees"
"88","ouwie_Afr_avgl_86","OUMV",-1473.76486589716,2957.52973179432,2957.56257251682,2985.09827803352,5,1300,230,28,0.109015785088686,0.109015785088686,0.101095871345765,0.068490586173089,0.658260113882075,0.0319623902361359,1.28255360253181,0.0915641717918911,2957.56257251682,0,0.750079424732468,"empirical","Megafauna","set_trees"
"89","ouwie_Afr_avgl_87","OUM",-1765.88545149192,3539.77090298383,3539.79278482191,3561.82573997519,4,1600,76,0,0.296658258223338,0.296658258223338,0.282464839720464,0.282464839720464,0.514498169362534,0.0208572606304791,1.2669752164578,0.090985184981836,3539.79278482191,0,0.709660282822165,"empirical","Megafauna","set_trees"
"90","ouwie_Afr_avgl_88","OUMV",-1783.44061971554,3576.88123943108,3576.91408015358,3604.44978567028,5,1600,57,2.1,0.7254659845478,0.7254659845478,0.632969818747057,0.722645386484032,0.513005621400177,0.0168774660822102,1.19750741273044,0.087493082534542,3576.91408015358,0,0.999985626943879,"empirical","Megafauna","set_trees"
"91","ouwie_Afr_avgl_89","OUM",-1995.08461327594,3998.16922655188,3998.19110838995,4020.22406354324,4,5.7e+09,920,0,3.38940616643616,3.38940616643616,3.5660404144227,3.5660404144227,0.497708650691054,0.0175498689739749,1.18429557984269,0.0876845074097548,3998.19110838995,0,0.729260498577951,"empirical","Megafauna","set_trees"
"92","ouwie_Afr_avgl_9","OUM",-1471.1571128075,2950.31422561501,2950.33610745308,2972.36906260636,4,1300,190,0,0.103758334687643,0.103758334687643,0.0913369549515763,0.0913369549515763,0.622955516378746,0.0311562890474201,1.24209262860914,0.0974418153397002,2950.33610745308,0,0.72594650592723,"empirical","Megafauna","set_trees"
"93","ouwie_Afr_avgl_90","OUM",-1728.51118062633,3465.02236125265,3465.04424309073,3487.07719824401,4,1500,96,0,0.234261425390809,0.234261425390809,0.223079895611617,0.223079895611617,0.552964808476609,0.0221475782823799,1.22311964658303,0.0916758043658797,3465.04424309073,0,0.618979584594172,"empirical","Megafauna","set_trees"
"94","ouwie_Afr_avgl_91","OUM",-1634.39492912787,3276.78985825574,3276.81174009381,3298.8446952471,4,1500,130,0,0.197165112541881,0.197165112541881,0.174471759580295,0.174471759580295,0.539858717957636,0.0226396486908867,1.2096839382247,0.0927083455369721,3276.81174009381,0,0.684612350379901,"empirical","Megafauna","set_trees"
"95","ouwie_Afr_avgl_92","OUM",-1713.32788779733,3434.65577559466,3434.67765743273,3456.71061258602,4,1500,110,0,0.181470325234386,0.181470325234386,0.173047868652878,0.173047868652878,0.560512590018525,0.0230737812082251,1.08715486369227,0.0969638675712028,3434.67765743273,0,0.439826668995248,"empirical","Megafauna","set_trees"
"96","ouwie_Afr_avgl_93","OUMV",-1732.16624334321,3474.33248668643,3474.36532740892,3501.90103292563,5,1500,99,31,0.299588042421783,0.299588042421783,0.273043175233113,0.501812926394491,0.538031130523999,0.0202641020457778,1.248548808602,0.120953058580961,3474.36532740892,0,0.998156120607753,"empirical","Megafauna","set_trees"
"97","ouwie_Afr_avgl_94","OUM",-2017.12337558209,4042.24675116418,4042.26863300225,4064.30158815554,4,5.8e+09,920,0,3.36734373872612,3.36734373872612,3.61631452320137,3.61631452320137,0.497947684698698,0.0177140144864466,1.13584157799559,0.086442864593256,4042.26863300225,0,0.999999999982051,"empirical","Megafauna","set_trees"
"98","ouwie_Afr_avgl_95","OUM",-1888.55746223571,3785.11492447143,3785.1368063095,3807.16976146279,4,5.4e+09,920,0,3.4945631883158,3.4945631883158,3.26533965023399,3.26533965023399,0.499321440764212,0.0165068080654008,1.15872643386146,0.0813349165080797,3785.1368063095,0,0.633168299442433,"empirical","Megafauna","set_trees"
"99","ouwie_Afr_avgl_96","OUM",-1809.59727664865,3627.19455329731,3627.21643513538,3649.24939028867,4,5.7e+09,920,0,3.40185611815605,3.40185611815605,2.9224079328371,2.9224079328371,0.489902331030011,0.0158017895335345,1.09520326061367,0.0785798181780025,3627.21643513538,0,0.999999999998253,"empirical","Megafauna","set_trees"
"100","ouwie_Afr_avgl_97","OUM",-1713.93973025505,3435.87946051009,3435.90134234817,3457.93429750145,4,1600,95,0,0.311980898875761,0.311980898875761,0.282929337225308,0.282929337225308,0.515874699795347,0.0197720677462357,1.17317437130273,0.0848848077778098,3435.90134234817,0,0.723819762573784,"empirical","Megafauna","set_trees"
"101","ouwie_Afr_avgl_98","OUM",-1801.96676181897,3611.93352363794,3611.95540547601,3633.9883606293,4,5.7e+09,920,0,3.38572127237815,3.38572127237815,2.87821181735198,2.87821181735198,0.49755059801389,0.0157630067468946,1.17397508455607,0.0782701754204046,3611.95540547601,0,0.699887720626519,"empirical","Megafauna","set_trees"
"102","ouwie_Afr_avgl_99","OUM",-1756.66129931944,3521.32259863887,3521.34448047695,3543.37743563023,4,1600,99,0,0.255271053797462,0.255271053797462,0.245581561777289,0.245581561777289,0.542866509193505,0.0213444162358616,1.16267609946376,0.0906084400928237,3521.34448047695,0,0.707372779645995,"empirical","Megafauna","set_trees"
"103","ouwie_Afr_BM_1","OU1",-1478.09055214312,2962.18110428624,2962.19422621079,2978.72223202976,3,930,24,0,0.0135886027016835,0.0135886027016835,0.0530012010429461,0.0530012010429461,1.02739559584822,0.31779380865656,1.02739559584822,0.31779380865656,2962.19422621079,0,0.587872859193963,"simulated","Megafauna","set_trees"
"104","ouwie_Afr_BM_10","OU1",-1412.06625320746,2830.13250641492,2830.14562833947,2846.67363415844,3,930,31,0,0.0150754353778597,0.0150754353778597,0.0488455071860388,0.0488455071860388,1.45653689027589,0.281687159888314,1.45653689027589,0.281687159888314,2830.14562833947,0,0.574675646047932,"simulated","Megafauna","set_trees"
"105","ouwie_Afr_BM_100","OU1",-1413.74183829229,2833.48367658457,2833.49679850912,2850.02480432809,3,940,35,0,0.0157299522540484,0.0157299522540484,0.0444914039982791,0.0444914039982791,1.77053149636692,0.260266983572251,1.77053149636692,0.260266983572251,2833.49679850912,0,0.403428381682937,"simulated","Megafauna","set_trees"
"106","ouwie_Afr_BM_101","OU1",-1388.31463914827,2782.62927829655,2782.64237873323,2799.17531201009,3,930,32,0,0.0123532865982504,0.0123532865982504,0.0436529566298891,0.0436529566298891,1.84524794734782,0.310445929842429,1.84524794734782,0.310445929842429,2782.64237873323,0,0.46771164459778,"simulated","Megafauna","MCC"
"107","ouwie_Afr_BM_101","OU1",-1388.31463914827,2782.62927829655,2782.64237873323,2799.17531201009,3,930,32,0,0.0123532865982504,0.0123532865982504,0.0436529566298891,0.0436529566298891,1.84524794734782,0.310445929842429,1.84524794734782,0.310445929842429,2782.64237873323,0,0.46771164459778,"simulated","Megafauna","set_trees"
"108","ouwie_Afr_BM_11","OUM",-1260.2362683822,2528.47253676439,2528.49441860247,2550.52737375575,4,920,13,0,0.00834594388487117,0.00834594388487117,0.0369168384336626,0.0369168384336626,1.44291920450287,0.416480511168203,-0.0785212671796241,1.01602695528332,2528.49441860247,0,0.268132228431514,"simulated","Megafauna","set_trees"
"109","ouwie_Afr_BM_12","OU1",-1455.74150916947,2917.48301833895,2917.4961402635,2934.02414608247,3,940,38,0,0.0163354526700071,0.0163354526700071,0.0506723990974735,0.0506723990974735,1.52559545382628,0.251280836131748,1.52559545382628,0.251280836131748,2917.4961402635,0,0.638548089403204,"simulated","Megafauna","set_trees"
"110","ouwie_Afr_BM_13","OU1",-1441.92349533222,2889.84699066443,2889.86011258898,2906.38811840795,3,940,39,0,0.0192441751786844,0.0192441751786844,0.0528532697346049,0.0528532697346049,0.447313582793749,0.214789645634715,0.447313582793749,0.214789645634715,2889.86011258898,0,0.319368735886406,"simulated","Megafauna","set_trees"
"111","ouwie_Afr_BM_14","OUM",-1412.44209026474,2832.88418052948,2832.90606236755,2854.93901752084,4,940,43,0,0.0188479564935568,0.0188479564935568,0.0531220470791315,0.0531220470791315,0.732846568880969,0.232139576723603,1.73943067838989,0.534297290640862,2832.90606236755,0,0.444021897596957,"simulated","Megafauna","set_trees"
"112","ouwie_Afr_BM_15","OU1",-1390.03443588512,2786.06887177024,2786.08199369479,2802.60999951376,3,930,20,0,0.0109202856824806,0.0109202856824806,0.0423484862858884,0.0423484862858884,0.862191764580022,0.343541796784012,0.862191764580022,0.343541796784012,2786.08199369479,0,0.355299167827008,"simulated","Megafauna","set_trees"
"113","ouwie_Afr_BM_16","OUM",-1474.21016351002,2956.42032702004,2956.44220885812,2978.4751640114,4,940,46,0,0.0185443356457582,0.0185443356457582,0.0562845268282683,0.0562845268282683,0.918938573302532,0.249029182413997,2.26539836095364,0.509233769611367,2956.44220885812,0,0.542794856396017,"simulated","Megafauna","set_trees"
"114","ouwie_Afr_BM_17","OUMV",-1451.61819625107,2913.23639250214,2913.26923322464,2940.80493874134,5,900,37,19,0.0130463952225559,0.0130463952225559,0.0505714497148937,0.0304410006806046,0.362770026620349,0.341208215973741,1.12853833058789,0.656038624392728,2913.26923322464,0,0.598539123790665,"simulated","Megafauna","set_trees"
"115","ouwie_Afr_BM_18","OU1",-1414.29390604963,2834.58781209925,2834.6009340238,2851.12893984277,3,930,17,0,0.0104191450241044,0.0104191450241044,0.043770072879994,0.043770072879994,0.968496099012269,0.354072187648184,0.968496099012269,0.354072187648184,2834.6009340238,0,0.420496546719371,"simulated","Megafauna","set_trees"
"116","ouwie_Afr_BM_19","OU1",-1398.03394636613,2802.06789273226,2802.08101465681,2818.60902047578,3,930,31,0,0.0146716064299776,0.0146716064299776,0.0469827038141861,0.0469827038141861,1.60808183974959,0.26527254143412,1.60808183974959,0.26527254143412,2802.08101465681,0,0.526090383695943,"simulated","Megafauna","set_trees"
"117","ouwie_Afr_BM_2","OUMV",-1394.4998527115,2798.999705423,2799.03254614549,2826.5682516622,5,900,44,23,0.0143388049142682,0.0143388049142682,0.0465482488913794,0.0302911059918569,1.12541927660928,0.289741587463358,1.5043173633748,0.594482629278838,2799.03254614549,0,0.500189389987223,"simulated","Megafauna","set_trees"
"118","ouwie_Afr_BM_20","OUM",-1394.95124522528,2797.90249045056,2797.92437228864,2819.95732744192,4,930,17,0,0.0102688088116314,0.0102688088116314,0.0441046251728926,0.0441046251728926,0.81539118347297,0.372771572438375,2.2479507916156,0.950734776874609,2797.92437228864,0,0.377395880046088,"simulated","Megafauna","set_trees"
"119","ouwie_Afr_BM_21","OU1",-1307.32847809121,2620.65695618243,2620.67007810698,2637.19808392595,3,930,30,0,0.0139720331345485,0.0139720331345485,0.0432825479446179,0.0432825479446179,0.746391195677163,0.295382968684768,0.746391195677163,0.295382968684768,2620.67007810698,0,0.623190117610793,"simulated","Megafauna","set_trees"
"120","ouwie_Afr_BM_22","OU1",-1503.72931888923,3013.45863777847,3013.47175970302,3029.99976552199,3,940,32,0,0.0143728476488583,0.0143728476488583,0.0506453206086341,0.0506453206086341,1.2948401224593,0.284751526808572,1.2948401224593,0.284751526808572,3013.47175970302,0,0.551496651152599,"simulated","Megafauna","set_trees"
"121","ouwie_Afr_BM_23","OUM",-1444.02170629742,2896.04341259485,2896.06529443292,2918.09824958621,4,930,32,0,0.0159546112197748,0.0159546112197748,0.0568147507542203,0.0568147507542203,0.843082129610612,0.301231412875249,-0.453866010990961,0.602839216533912,2896.06529443292,0,0.506437228533641,"simulated","Megafauna","set_trees"
"122","ouwie_Afr_BM_24","OU1",-1415.2212474605,2836.44249492099,2836.45561684554,2852.98362266451,3,920,7.5,0,0.00650526932542007,0.00650526932542007,0.0391153595855412,0.0391153595855412,1.01512812628166,0.465564625721829,1.01512812628166,0.465564625721829,2836.45561684554,0,0.442749883745463,"simulated","Megafauna","set_trees"
"123","ouwie_Afr_BM_25","OU1",-1434.57259557085,2875.1451911417,2875.15831306625,2891.68631888522,3,940,32,0,0.0156971682717095,0.0156971682717095,0.0500876750411743,0.0500876750411743,0.649987473809962,0.265633293328174,0.649987473809962,0.265633293328174,2875.15831306625,0,0.565279218659886,"simulated","Megafauna","set_trees"
"124","ouwie_Afr_BM_26","OU1",-1398.43141910526,2802.86283821052,2802.87596013507,2819.40396595404,3,930,21,0,0.0117888325395085,0.0117888325395085,0.0449619977787409,0.0449619977787409,1.15562927705988,0.345376454295397,1.15562927705988,0.345376454295397,2802.87596013507,0,0.53201881637495,"simulated","Megafauna","set_trees"
"125","ouwie_Afr_BM_27","OUM",-1462.73276841815,2933.46553683629,2933.48741867436,2955.52037382765,4,930,21,0,0.0124799053983996,0.0124799053983996,0.0519826106926799,0.0519826106926799,0.710324518882779,0.353093483602618,2.33094821971493,0.906184461266872,2933.48741867436,0,0.446333394008806,"simulated","Megafauna","set_trees"
"126","ouwie_Afr_BM_28","OU1",-1425.63961815767,2857.27923631533,2857.29235823988,2873.82036405885,3,930,25,0,0.0127108880030231,0.0127108880030231,0.045137330337038,0.045137330337038,1.57499129749868,0.309365092792168,1.57499129749868,0.309365092792168,2857.29235823988,0,0.437476359010291,"simulated","Megafauna","set_trees"
"127","ouwie_Afr_BM_29","OU1",-1447.20062750367,2900.40125500733,2900.41437693188,2916.94238275085,3,930,27,0,0.0127539688562871,0.0127539688562871,0.0458968517111428,0.0458968517111428,1.23907873773771,0.317615840763788,1.23907873773771,0.317615840763788,2900.41437693188,0,0.62277231742867,"simulated","Megafauna","set_trees"
"128","ouwie_Afr_BM_3","OU1",-1310.1649368223,2626.32987364461,2626.34299556916,2642.87100138813,3,920,16,0,0.00981470670184071,0.00981470670184071,0.042069367680847,0.042069367680847,0.810235338665381,0.372794228684098,0.810235338665381,0.372794228684098,2626.34299556916,0,0.483540279668867,"simulated","Megafauna","set_trees"
"129","ouwie_Afr_BM_30","OUMV",-1398.55355339361,2807.10710678722,2807.13994750972,2834.67565302642,5,930,81,22,0.0262113027069195,0.0262113027069195,0.0551638695572009,0.0360519856154222,0.256262497722496,0.153563606423948,0.0751174931673182,0.326615925490455,2807.13994750972,0,0.302823029660424,"simulated","Megafauna","set_trees"
"130","ouwie_Afr_BM_31","OUM",-1273.84111030019,2555.68222060039,2555.70410243846,2577.73705759174,4,950,44,0,0.0187017948208786,0.0187017948208786,0.0410483173674215,0.0410483173674215,0.368948821178041,0.19506153137507,-0.277019063810815,0.419692405416474,2555.70410243846,0,0.324327859165501,"simulated","Megafauna","set_trees"
"131","ouwie_Afr_BM_32","OUM",-1311.92892823228,2631.85785646456,2631.87973830264,2653.91269345592,4,930,23,0,0.0126895483055109,0.0126895483055109,0.0449240987689552,0.0449240987689552,1.22282256735593,0.326948114109624,0.0580350056958408,0.777973042769697,2631.87973830264,0,0.398517360889608,"simulated","Megafauna","set_trees"
"132","ouwie_Afr_BM_33","OU1",-1349.79253480639,2705.58506961278,2705.59819153733,2722.1261973563,3,930,24,0,0.0124788015245562,0.0124788015245562,0.0455855155856341,0.0455855155856341,0.803853932611211,0.330426532836392,0.803853932611211,0.330426532836392,2705.59819153733,0,0.569489844113741,"simulated","Megafauna","set_trees"
"133","ouwie_Afr_BM_34","OUMVA",-1253.94620739503,2519.89241479007,2519.93841698065,2552.97467027711,6,890,47,23,0.0133583252807849,0.0104820189942234,0.0365835998973227,0.0520547405597609,1.25897057515657,0.314447439128768,0.920022057720622,0.81116648772065,2519.93841698065,0,0.71456442078673,"simulated","Megafauna","set_trees"
"134","ouwie_Afr_BM_35","OUMVA",-1399.50948654047,2811.01897308095,2811.06497527153,2844.10122856798,6,900,46,28,0.0194531908840238,0.0110694780303258,0.0535266973439004,0.151607466777727,1.39353519412923,0.240458831568689,2.04849358497099,1.41355882204776,2811.06497527153,0,0.448990142991631,"simulated","Megafauna","set_trees"
"135","ouwie_Afr_BM_36","OUM",-1352.3740296645,2712.748059329,2712.76994116708,2734.80289632036,4,930,23,0,0.0133314302675832,0.0133314302675832,0.0464533743271576,0.0464533743271576,0.715337834203216,0.337602556875459,-0.725306475326222,0.852068217799697,2712.76994116708,0,0.459132126336598,"simulated","Megafauna","set_trees"
"136","ouwie_Afr_BM_37","OUM",-1357.81424903154,2723.62849806309,2723.65037990116,2745.68333505445,4,940,42,0,0.0181251934129682,0.0181251934129682,0.0469801616402671,0.0469801616402671,1.67186401732667,0.222225160761846,-0.175018046731737,0.532286914030861,2723.65037990116,0,0.436255943901696,"simulated","Megafauna","set_trees"
"137","ouwie_Afr_BM_38","OUMVA",-1282.76042187101,2577.52084374201,2577.56684593259,2610.60309922905,6,900,48,22,0.0192741603183821,0.0148538191581618,0.0410243106491836,0.0605210116568983,0.441821303706784,0.208385961335104,0.41824580552276,0.611024119961827,2577.56684593259,0,0.822753422482972,"simulated","Megafauna","set_trees"
"138","ouwie_Afr_BM_39","OUM",-1388.03592957184,2784.07185914368,2784.09374098176,2806.12669613504,4,940,42,0,0.0173262989103948,0.0173262989103948,0.0482943845306933,0.0482943845306933,0.355362665630372,0.250755722478675,1.48674670253137,0.530151368229741,2784.09374098176,0,0.380731918887108,"simulated","Megafauna","set_trees"
"139","ouwie_Afr_BM_4","OU1",-1419.13226372803,2844.26452745606,2844.27764938061,2860.80565519958,3,940,40,0,0.0159576498538289,0.0159576498538289,0.04579483572452,0.04579483572452,0.682745141030995,0.24560148189164,0.682745141030995,0.24560148189164,2844.27764938061,0,0.471999071228519,"simulated","Megafauna","set_trees"
"140","ouwie_Afr_BM_40","OUMVA",-1461.5198559825,2935.039711965,2935.08571415558,2968.12196745203,6,900,35,23,0.0133694364432351,0.0184736468287187,0.0521149570319901,0.0343423025405462,0.636830006715447,0.349220019333006,2.04913732533369,0.503390354585479,2935.08571415558,0,0.393043686257757,"simulated","Megafauna","set_trees"
"141","ouwie_Afr_BM_41","OUM",-1558.61126995116,3125.22253990232,3125.24442174039,3147.27737689368,4,940,59,0,0.0184890058400145,0.0184890058400145,0.060284422109819,0.060284422109819,1.072370771001,0.24576154249659,0.133384781930524,0.532650044943163,3125.24442174039,0,0.465865509887794,"simulated","Megafauna","set_trees"
"142","ouwie_Afr_BM_42","OU1",-1322.86580638527,2651.73161277055,2651.74473469509,2668.27274051406,3,950,50,0,0.0206612560924699,0.0206612560924699,0.0458891505537956,0.0458891505537956,1.35742024543871,0.183736693604464,1.35742024543871,0.183736693604464,2651.74473469509,0,0.355518844774093,"simulated","Megafauna","set_trees"
"143","ouwie_Afr_BM_43","OUM",-1539.8647740725,3087.72954814501,3087.75142998308,3109.78438513636,4,940,35,0,0.0167524930239204,0.0167524930239204,0.0595133129093327,0.0595133129093327,0.794778400072738,0.286366978606175,2.38535612346124,0.733116673282535,3087.75142998308,0,0.417861905077723,"simulated","Megafauna","set_trees"
"144","ouwie_Afr_BM_44","OUM",-1516.65318468593,3041.30636937185,3041.32825120993,3063.36120636321,4,930,31,0,0.0151946302930973,0.0151946302930973,0.0578186924399784,0.0578186924399784,0.92198538260128,0.325727529041281,-0.242436739948978,0.572595911010011,3041.32825120993,0,0.539635332801424,"simulated","Megafauna","set_trees"
"145","ouwie_Afr_BM_45","OU1",-1383.35616321277,2772.71232642554,2772.72544835009,2789.25345416906,3,930,25,0,0.0125045865530138,0.0125045865530138,0.0421444561857601,0.0421444561857601,1.12972611796054,0.298721944131321,1.12972611796054,0.298721944131321,2772.72544835009,0,0.61668428531596,"simulated","Megafauna","set_trees"
"146","ouwie_Afr_BM_46","OUMV",-1547.66045267565,3105.32090535131,3105.3537460738,3132.8894515905,5,910,49,26,0.018147461145949,0.018147461145949,0.060807189244314,0.0420883631419282,0.837106965085911,0.257440806946225,0.196212833107339,0.43754917446485,3105.3537460738,0,0.507687300746779,"simulated","Megafauna","set_trees"
"147","ouwie_Afr_BM_47","OU1",-1340.88469657491,2687.76939314982,2687.78251507437,2704.31052089334,3,940,34,0,0.0159163905052291,0.0159163905052291,0.0463196096368265,0.0463196096368265,0.731825312893535,0.257915839753508,0.731825312893535,0.257915839753508,2687.78251507437,0,0.525580864715354,"simulated","Megafauna","set_trees"
"148","ouwie_Afr_BM_48","OU1",-1439.21592945544,2884.43185891089,2884.44498083544,2900.97298665441,3,940,35,0,0.0159362993952225,0.0159362993952225,0.0500034852029599,0.0500034852029599,0.530406038775095,0.251911808096986,0.530406038775095,0.251911808096986,2884.44498083544,0,0.538451776077413,"simulated","Megafauna","set_trees"
"149","ouwie_Afr_BM_49","OUMV",-1365.55393090838,2741.10786181676,2741.14070253926,2768.67640805596,5,910,60,23,0.0178432938381989,0.0178432938381989,0.0509904169038909,0.0269821009404522,1.29459323290741,0.229716005131128,1.95922417907036,0.471817202435298,2741.14070253926,0,0.68626449889873,"simulated","Megafauna","set_trees"
"150","ouwie_Afr_BM_5","OUMVA",-1357.37715135091,2726.75430270181,2726.80030489239,2759.83655818885,6,900,32,15,0.0139939535561929,0.0081692875794651,0.0445504748175541,0.0566693743606419,0.595859659251684,0.309384851944556,1.51017591976926,1.27397886994524,2726.80030489239,0,0.526579516766901,"simulated","Megafauna","set_trees"
"151","ouwie_Afr_BM_50","OUMV",-1391.5644622463,2793.1289244926,2793.16176521509,2820.69747073179,5,900,44,22,0.0176939515572939,0.0176939515572939,0.0532507707003455,0.0297223039565918,0.488062962710183,0.260963005938759,-0.336636991646379,0.359809366448962,2793.16176521509,0,0.950143322670843,"simulated","Megafauna","set_trees"
"152","ouwie_Afr_BM_51","OU1",-1377.41325534815,2760.8265106963,2760.83963262085,2777.36763843982,3,930,28,0,0.0143224126791035,0.0143224126791035,0.0492720304584617,0.0492720304584617,0.646180522462932,0.290875065396085,0.646180522462932,0.290875065396085,2760.83963262085,0,0.637463599408617,"simulated","Megafauna","set_trees"
"153","ouwie_Afr_BM_52","OU1",-1600.82020805132,3207.64041610265,3207.6535380272,3224.18154384617,3,950,59,0,0.0232119055556469,0.0232119055556469,0.0678530306312766,0.0678530306312766,1.23221490562394,0.191001999341659,1.23221490562394,0.191001999341659,3207.6535380272,0,0.582880741821346,"simulated","Megafauna","set_trees"
"154","ouwie_Afr_BM_53","OUM",-1503.66412863393,3015.32825726786,3015.35013910593,3037.38309425922,4,940,40,0,0.0187270730856161,0.0187270730856161,0.0575973732606196,0.0575973732606196,0.428249406123161,0.243318862247405,1.85156050703969,0.57435241403847,3015.35013910593,0,0.389486231642832,"simulated","Megafauna","set_trees"
"155","ouwie_Afr_BM_54","OU1",-1632.27670605451,3270.55341210901,3270.56653403356,3287.09453985253,3,960,62,0,0.0232747516466003,0.0232747516466003,0.0664268210251644,0.0664268210251644,1.0561336038657,0.187616504214487,1.0561336038657,0.187616504214487,3270.56653403356,0,0.548670213798082,"simulated","Megafauna","set_trees"
"156","ouwie_Afr_BM_55","OU1",-1487.64226513358,2981.28453026716,2981.29765219171,2997.82565801068,3,930,35,0,0.0143511348349777,0.0143511348349777,0.0535013961148063,0.0535013961148063,1.07354764578614,0.298737814892806,1.07354764578614,0.298737814892806,2981.29765219171,0,0.481010334959463,"simulated","Megafauna","set_trees"
"157","ouwie_Afr_BM_56","OUMVA",-1344.74087566566,2701.48175133132,2701.5277535219,2734.56400681836,6,890,32,16,0.0130986586681698,0.00480815299218782,0.0445998267768373,0.116542076641786,0.760629058673714,0.316510909777557,3.08724941338716,3.45588690456082,2701.5277535219,0,0.401592953420352,"simulated","Megafauna","set_trees"
"158","ouwie_Afr_BM_57","OU1",-1406.65297276507,2819.30594553014,2819.31906745469,2835.84707327366,3,950,55,0,0.0206438961680999,0.0206438961680999,0.0488947877353618,0.0488947877353618,0.357787599984699,0.189734828688704,0.357787599984699,0.189734828688704,2819.31906745469,0,0.6079644892703,"simulated","Megafauna","set_trees"
"159","ouwie_Afr_BM_58","OU1",-1399.98222089885,2805.96444179769,2805.97756372224,2822.50556954121,3,930,29,0,0.0129131250330583,0.0129131250330583,0.0409783228487049,0.0409783228487049,0.554837241515563,0.286326141402271,0.554837241515563,0.286326141402271,2805.97756372224,0,0.647900626079105,"simulated","Megafauna","set_trees"
"160","ouwie_Afr_BM_59","OUMVA",-1468.12999165216,2948.25998330432,2948.3059854949,2981.34223879136,6,920,74,24,0.0287456730268419,0.0242861162007276,0.0634214101910942,0.125300589826194,0.342311124598489,0.146203235269098,1.21056234605434,0.443421935223855,2948.3059854949,0,0.339747152951261,"simulated","Megafauna","set_trees"
"161","ouwie_Afr_BM_6","OU1",-1381.40195066931,2768.80390133862,2768.81702326317,2785.34502908214,3,930,19,0,0.0118227539761296,0.0118227539761296,0.0423984595554618,0.0423984595554618,0.689920572438873,0.325721408559836,0.689920572438873,0.325721408559836,2768.81702326317,0,0.619576190747125,"simulated","Megafauna","set_trees"
"162","ouwie_Afr_BM_60","OU1",-1390.55067452774,2787.10134905547,2787.11447098002,2803.64247679899,3,930,22,0,0.0112104234008961,0.0112104234008961,0.0402638639614964,0.0402638639614964,0.624301230775564,0.33039659006236,0.624301230775564,0.33039659006236,2787.11447098002,0,0.427637009515324,"simulated","Megafauna","set_trees"
"163","ouwie_Afr_BM_61","OU1",-1415.98839128606,2837.97678257212,2837.98990449667,2854.51791031564,3,930,32,0,0.0147437394039649,0.0147437394039649,0.0474728079951817,0.0474728079951817,0.35976955674827,0.283877240270607,0.35976955674827,0.283877240270607,2837.98990449667,0,0.480270502278193,"simulated","Megafauna","set_trees"
"164","ouwie_Afr_BM_62","OU1",-1422.91225463697,2851.82450927395,2851.8376311985,2868.36563701747,3,940,38,0,0.0143771373033826,0.0143771373033826,0.0426542606207586,0.0426542606207586,1.0013502754302,0.271178441646725,1.0013502754302,0.271178441646725,2851.8376311985,0,0.617225810862963,"simulated","Megafauna","set_trees"
"165","ouwie_Afr_BM_63","OU1",-1506.90233057508,3019.80466115015,3019.8177830747,3036.34578889367,3,940,33,0,0.0156445530933901,0.0156445530933901,0.05199251585339,0.05199251585339,0.922440078007925,0.275193642699574,0.922440078007925,0.275193642699574,3019.8177830747,0,0.642002335032977,"simulated","Megafauna","set_trees"
"166","ouwie_Afr_BM_64","OU1",-1336.21256300749,2678.42512601498,2678.43824793953,2694.9662537585,3,920,13,0,0.00883469312957381,0.00883469312957381,0.0415251478682408,0.0415251478682408,0.90995341107611,0.407615231093525,0.90995341107611,0.407615231093525,2678.43824793953,0,0.608251704552376,"simulated","Megafauna","set_trees"
"167","ouwie_Afr_BM_65","OU1",-1421.54064212123,2849.08128424246,2849.09440616701,2865.62241198598,3,930,24,0,0.0124072580221694,0.0124072580221694,0.0470610937740205,0.0470610937740205,1.33693811724364,0.327333866199854,1.33693811724364,0.327333866199854,2849.09440616701,0,0.538877649934133,"simulated","Megafauna","set_trees"
"168","ouwie_Afr_BM_66","OUMVA",-1279.27126173228,2570.54252346456,2570.58852565514,2603.6247789516,6,900,57,24,0.0201469830665415,0.0155982255647021,0.0416946196032323,0.0692889035590217,0.362293183127917,0.204695668071628,1.7498710192299,0.576834360953521,2570.58852565514,0,0.999058129933669,"simulated","Megafauna","set_trees"
"169","ouwie_Afr_BM_67","OU1",-1354.3550754513,2714.71015090261,2714.72327282715,2731.25127864612,3,920,9.8,0,0.00748188195064596,0.00748188195064596,0.0382157652793085,0.0382157652793085,0.924198157272887,0.438281797386981,0.924198157272887,0.438281797386981,2714.72327282715,0,0.645996497086226,"simulated","Megafauna","set_trees"
"170","ouwie_Afr_BM_68","OU1",-1469.03927567403,2944.07855134805,2944.0916732726,2960.61967909157,3,930,27,0,0.0134277460261635,0.0134277460261635,0.0520494992393262,0.0520494992393262,1.2658804327536,0.327818645142644,1.2658804327536,0.327818645142644,2944.0916732726,0,0.500449032244671,"simulated","Megafauna","set_trees"
"171","ouwie_Afr_BM_69","OU1",-1486.55241824796,2979.10483649593,2979.11795842048,2995.64596423945,3,970,73,0,0.0274898553708069,0.0274898553708069,0.0561417970949388,0.0561417970949388,1.16083573801505,0.134096157985482,1.16083573801505,0.134096157985482,2979.11795842048,0,0.617431143615094,"simulated","Megafauna","set_trees"
"172","ouwie_Afr_BM_7","OUMV",-1396.76309472711,2803.52618945421,2803.55903017671,2831.09473569341,5,920,67,24,0.0230350050765946,0.0230350050765946,0.0521772313749616,0.0382614520939276,1.35072239977602,0.174787584835318,0.436379745935618,0.367057305826978,2803.55903017671,0,0.336447584337859,"simulated","Megafauna","set_trees"
"173","ouwie_Afr_BM_70","OUM",-1478.69299405871,2965.38598811742,2965.40786995549,2987.44082510878,4,930,30,0,0.0134044557387844,0.0134044557387844,0.0495569787083596,0.0495569787083596,0.865927891701879,0.346965849834434,1.81566603533229,0.629085003719992,2965.40786995549,0,0.365787626142021,"simulated","Megafauna","set_trees"
"174","ouwie_Afr_BM_71","OU1",-1289.92764840989,2585.85529681978,2585.86841874432,2602.39642456329,3,940,39,0,0.015967624699806,0.015967624699806,0.0430079080809949,0.0430079080809949,0.521150748947836,0.243087200748002,0.521150748947836,0.243087200748002,2585.86841874432,0,0.385234819203776,"simulated","Megafauna","set_trees"
"175","ouwie_Afr_BM_72","OUMVA",-1544.31253239102,3100.62506478204,3100.67106697262,3133.70732026907,6,900,42,23,0.0163221831438144,0.010566300459821,0.0586589221962057,0.066262836884932,0.934019915301666,0.284013381248914,1.57292892699432,1.1331862108043,3100.67106697262,0,0.336487487881904,"simulated","Megafauna","set_trees"
"176","ouwie_Afr_BM_73","OU1",-1611.46382449518,3228.92764899037,3228.94077091492,3245.46877673389,3,940,35,0,0.0154725740456553,0.0154725740456553,0.0563999562231227,0.0563999562231227,1.09214450017257,0.287130201437744,1.09214450017257,0.287130201437744,3228.94077091492,0,0.622019463402675,"simulated","Megafauna","set_trees"
"177","ouwie_Afr_BM_74","OU1",-1476.45111027844,2958.90222055689,2958.91534248144,2975.44334830041,3,940,43,0,0.0171390260791643,0.0171390260791643,0.0534033107766045,0.0534033107766045,1.60074333391224,0.249418547937567,1.60074333391224,0.249418547937567,2958.91534248144,0,0.404461753607343,"simulated","Megafauna","set_trees"
"178","ouwie_Afr_BM_75","OUM",-1471.31441279355,2950.6288255871,2950.65070742518,2972.68366257846,4,950,41,0,0.0209181090029327,0.0209181090029327,0.0591669401379711,0.0591669401379711,1.48535576596233,0.221853526560889,-0.0632251025106452,0.466029388300447,2950.65070742518,0,0.641761521634628,"simulated","Megafauna","set_trees"
"179","ouwie_Afr_BM_76","OU1",-1370.23345989638,2746.46691979276,2746.48004171731,2763.00804753628,3,930,31,0,0.0142490813347632,0.0142490813347632,0.0490824492356555,0.0490824492356555,1.22913241941372,0.299391974488929,1.22913241941372,0.299391974488929,2746.48004171731,0,0.480452311348045,"simulated","Megafauna","set_trees"
"180","ouwie_Afr_BM_77","OUM",-1363.81565146408,2735.63130292816,2735.65318476623,2757.68613991951,4,930,28,0,0.0126368560463896,0.0126368560463896,0.0456130767306773,0.0456130767306773,0.775102491063719,0.323700366543533,2.32917757483398,0.663996612477578,2735.65318476623,0,0.44021203764726,"simulated","Megafauna","set_trees"
"181","ouwie_Afr_BM_78","OU1",-1417.53758528992,2841.07517057985,2841.0882925044,2857.61629832337,3,940,36,0,0.0163535025393854,0.0163535025393854,0.0486245616262755,0.0486245616262755,0.579118117095846,0.260378638875448,0.579118117095846,0.260378638875448,2841.0882925044,0,0.552320877129302,"simulated","Megafauna","set_trees"
"182","ouwie_Afr_BM_79","OU1",-1440.8446808078,2887.68936161561,2887.70248354016,2904.23048935913,3,930,27,0,0.0137767244657201,0.0137767244657201,0.0481758667301781,0.0481758667301781,1.68010922758421,0.301444079975359,1.68010922758421,0.301444079975359,2887.70248354016,0,0.387581504698138,"simulated","Megafauna","set_trees"
"183","ouwie_Afr_BM_8","OU1",-1421.3616187836,2848.7232375672,2848.73635949175,2865.26436531072,3,930,29,0,0.0140400070742313,0.0140400070742313,0.0494241101770086,0.0494241101770086,0.718463751323048,0.307713975767179,0.718463751323048,0.307713975767179,2848.73635949175,0,0.482098900095355,"simulated","Megafauna","set_trees"
"184","ouwie_Afr_BM_80","OU1",-1418.99742550118,2843.99485100235,2844.0079729269,2860.53597874587,3,930,25,0,0.011617860693359,0.011617860693359,0.0401894198343502,0.0401894198343502,1.33397105395774,0.320364273502556,1.33397105395774,0.320364273502556,2844.0079729269,0,0.344810736461757,"simulated","Megafauna","set_trees"
"185","ouwie_Afr_BM_81","OU1",-1284.32750179602,2574.65500359203,2574.66812551658,2591.19613133555,3,940,44,0,0.0146441140110692,0.0146441140110692,0.0375308346560896,0.0375308346560896,1.51630753273288,0.235836719781119,1.51630753273288,0.235836719781119,2574.66812551658,0,0.594299804024141,"simulated","Megafauna","set_trees"
"186","ouwie_Afr_BM_82","OUMVA",-1378.51707359444,2769.03414718888,2769.08014937946,2802.11640267592,6,900,38,26,0.0126733378215297,0.0210845896489891,0.04389874161503,0.0139619677880706,0.747271552822646,0.319068724617962,-0.218125321539921,0.315869886261925,2769.08014937946,0,0.609718922053079,"simulated","Megafauna","set_trees"
"187","ouwie_Afr_BM_83","OUM",-1486.06205587874,2980.12411175747,2980.14599359554,3002.17894874883,4,950,59,0,0.0223597049018858,0.0223597049018858,0.0595977688968021,0.0595977688968021,0.668250125535683,0.197638036723424,2.15620329684501,0.431119637873397,2980.14599359554,0,0.659471749890933,"simulated","Megafauna","set_trees"
"188","ouwie_Afr_BM_84","OUM",-1456.82004517153,2921.64009034306,2921.66197218114,2943.69492733442,4,940,33,0,0.0152498535132714,0.0152498535132714,0.047219798389463,0.047219798389463,1.5665679843918,0.257385485130164,2.63623972481261,0.5904318431018,2921.66197218114,0,0.481940215436687,"simulated","Megafauna","set_trees"
"189","ouwie_Afr_BM_85","OU1",-1468.50250686887,2943.00501373775,2943.0181356623,2959.54614148127,3,940,47,0,0.019180851584404,0.019180851584404,0.0572411229570355,0.0572411229570355,1.23094483487225,0.218513123032895,1.23094483487225,0.218513123032895,2943.0181356623,0,0.573740566398813,"simulated","Megafauna","set_trees"
"190","ouwie_Afr_BM_86","OU1",-1387.72362516532,2781.44725033064,2781.46037225519,2797.98837807416,3,930,23,0,0.0119329494251831,0.0119329494251831,0.0466416810463717,0.0466416810463717,1.09675807531561,0.334923202781785,1.09675807531561,0.334923202781785,2781.46037225519,0,0.397972875682173,"simulated","Megafauna","set_trees"
"191","ouwie_Afr_BM_87","OU1",-1376.75657818612,2759.51315637224,2759.52627829678,2776.05428411575,3,950,50,0,0.0214716434310634,0.0214716434310634,0.0518096357629171,0.0518096357629171,0.392313903012704,0.189679518174699,0.392313903012704,0.189679518174699,2759.52627829678,0,0.644169251291506,"simulated","Megafauna","set_trees"
"192","ouwie_Afr_BM_88","OU1",-1503.45621011999,3012.91242023999,3012.92554216454,3029.45354798351,3,930,21,0,0.0118480611618716,0.0118480611618716,0.0517442480857655,0.0517442480857655,0.873190651168905,0.353417849045624,0.873190651168905,0.353417849045624,3012.92554216454,0,0.621957769061581,"simulated","Megafauna","set_trees"
"193","ouwie_Afr_BM_89","OU1",-1359.70912814915,2725.4182562983,2725.43137822285,2741.95938404182,3,930,39,0,0.0156708335072798,0.0156708335072798,0.0507009231902486,0.0507009231902486,1.6991439524407,0.274524936514428,1.6991439524407,0.274524936514428,2725.43137822285,0,0.485000472564357,"simulated","Megafauna","set_trees"
"194","ouwie_Afr_BM_9","OUM",-1412.17427719181,2832.34855438363,2832.3704362217,2854.40339137499,4,930,27,0,0.0145945905099883,0.0145945905099883,0.0447970553323067,0.0447970553323067,1.53844811947276,0.296042525383064,-0.134746084743822,0.593314416265893,2832.3704362217,0,0.603546215741454,"simulated","Megafauna","set_trees"
"195","ouwie_Afr_BM_90","OU1",-1307.98475798038,2621.96951596076,2621.98263788531,2638.51064370428,3,930,33,0,0.0145667257485517,0.0145667257485517,0.0427051666411407,0.0427051666411407,0.899510554187918,0.26958011360614,0.899510554187918,0.26958011360614,2621.98263788531,0,0.339486483035331,"simulated","Megafauna","set_trees"
"196","ouwie_Afr_BM_91","OU1",-1425.58481099857,2857.16962199713,2857.18274392168,2873.71074974065,3,930,27,0,0.0141731277322348,0.0141731277322348,0.0490786578594283,0.0490786578594283,1.33519325669996,0.298575632126935,1.33519325669996,0.298575632126935,2857.18274392168,0,0.569369078371073,"simulated","Megafauna","set_trees"
"197","ouwie_Afr_BM_92","OU1",-1439.65795679081,2885.31591358163,2885.32903550618,2901.85704132515,3,930,29,0,0.0124225224454788,0.0124225224454788,0.0444012966508092,0.0444012966508092,0.882939150319407,0.32678530984365,0.882939150319407,0.32678530984365,2885.32903550618,0,0.530396817154782,"simulated","Megafauna","set_trees"
"198","ouwie_Afr_BM_93","OU1",-1510.56990719191,3027.13981438383,3027.15293630838,3043.68094212735,3,930,26,0,0.0130339047720657,0.0130339047720657,0.0565434261345699,0.0565434261345699,1.00983746177833,0.349688785840151,1.00983746177833,0.349688785840151,3027.15293630838,0,0.340391412586787,"simulated","Megafauna","set_trees"
"199","ouwie_Afr_BM_94","OU1",-1463.68276776401,2933.36553552801,2933.37865745256,2949.90666327153,3,940,48,0,0.0180481908205434,0.0180481908205434,0.0526247620154339,0.0526247620154339,1.24111035467428,0.239177078301561,1.24111035467428,0.239177078301561,2933.37865745256,0,0.571619758349868,"simulated","Megafauna","set_trees"
"200","ouwie_Afr_BM_95","OU1",-1451.86105773292,2909.72211546585,2909.7352373904,2926.26324320937,3,940,41,0,0.015303290462081,0.015303290462081,0.0500565750449957,0.0500565750449957,1.51004309676007,0.255127812433824,1.51004309676007,0.255127812433824,2909.7352373904,0,0.388052252952382,"simulated","Megafauna","set_trees"
"201","ouwie_Afr_BM_96","OU1",-1448.59723764953,2903.19447529905,2903.2075972236,2919.73560304257,3,950,51,0,0.0202125829139286,0.0202125829139286,0.0563642387755973,0.0563642387755973,0.732437621252893,0.209906006105376,0.732437621252893,0.209906006105376,2903.2075972236,0,0.631059336833165,"simulated","Megafauna","set_trees"
"202","ouwie_Afr_BM_97","OUM",-1502.36626543519,3012.73253087037,3012.75441270845,3034.78736786173,4,940,37,0,0.0166085236560585,0.0166085236560585,0.0574649098169742,0.0574649098169742,1.19647650005932,0.295340905481853,-0.115656182580378,0.774883210922661,3012.75441270845,0,0.453229941627481,"simulated","Megafauna","set_trees"
"203","ouwie_Afr_BM_98","OU1",-1381.43321630294,2768.86643260588,2768.87955453043,2785.4075603494,3,930,23,0,0.0129215399398029,0.0129215399398029,0.0481304079957323,0.0481304079957323,1.54302206188829,0.318760953679281,1.54302206188829,0.318760953679281,2768.87955453043,0,0.449218198701135,"simulated","Megafauna","set_trees"
"204","ouwie_Afr_BM_99","OU1",-1297.22863703609,2600.45727407219,2600.47039599674,2616.99840181571,3,930,31,0,0.0137754756307514,0.0137754756307514,0.0413424761126313,0.0413424761126313,0.829435700986499,0.28056466861529,0.829435700986499,0.28056466861529,2600.47039599674,0,0.477203066912106,"simulated","Megafauna","set_trees"
